Label,Ann_Return,Ann_Vol,Sharpe,Max_Drawdown,Monthly_WinRate,Months,Avg_Turnover,Benchmark_Ann_Return,Excess_Ann_Return,Tracking_Error,Info_Ratio,Calmar,N_months
ICIR (no filter),0.18959039906577368,0.20175962453126403,0.9396845355270542,-0.2400689943684956,0.5714285714285714,98.0,0.3348979591836736,0.031143093568666513,0.15439343117099602,0.11583574471485027,1.332865183808868,0.7897329664103169,98
ICIR + TopRisk,0.18856454787452526,0.1984720305785138,0.9500812145917497,-0.23216922218537683,0.6122448979591837,98.0,0.4272959183673471,0.031143093568666513,0.15321268289536594,0.11113139175758224,1.3786625045565721,0.812185810417045,98
Ridge (no filter),0.19886088578277383,0.2000422399588253,0.9940944763651185,-0.21638004376254205,0.6122448979591837,98.0,0.3108163265306124,0.031143093568666513,0.16487353870315968,0.09950971473685799,1.6568587211725891,0.9190352415355182,98
Ridge + TopRisk,0.18153051969202116,0.20064022739198956,0.9047563494700698,-0.19805655705886882,0.6122448979591837,98.0,0.40637755102040835,0.031143093568666513,0.14825968659612387,0.09880346634888626,1.500551469243013,0.9165589990442196,98
XGBoost (no filter),0.19942759176087566,0.2117432019454361,0.9418370456694328,-0.2552889397851231,0.5816326530612245,98.0,0.5440816326530616,0.031143093568666513,0.1662378574421537,0.11545147561143247,1.4398937437720558,0.781183830089678,98
XGBoost + TopRisk,0.18177744012190722,0.20680719347755297,0.8789705863961521,-0.23895521446876944,0.6020408163265306,98.0,0.6193877551020406,0.031143093568666513,0.14893244471361977,0.10758399457497525,1.384336446160017,0.76071761198442,98
