,BIAS_20,UPSHADOW_20,VOL_SPIKE_6M,RET_6M
BIAS_20,1.0,0.13270021717595293,0.18801500868009455,0.3181211666466688
UPSHADOW_20,0.13270021717595293,1.0,0.06094699131716528,0.08471243381669458
VOL_SPIKE_6M,0.18801500868009455,0.06094699131716528,1.0,0.4229527371074977
RET_6M,0.3181211666466688,0.08471243381669458,0.4229527371074977,1.0
