,BIAS_20,UPSHADOW_20,VOL_SPIKE_6M,RET_6M
BIAS_20,1.0,0.13270023813007537,0.18801502161038608,0.318121187471975
UPSHADOW_20,0.13270023813007537,1.0,0.06094698003444637,0.0847124235981143
VOL_SPIKE_6M,0.18801502161038608,0.06094698003444637,1.0,0.4229527644073549
RET_6M,0.318121187471975,0.0847124235981143,0.4229527644073549,1.0
