filter_pct,ICIR_Sharpe,ICIR_Calmar,Ridge_Sharpe,Ridge_Calmar
0.1,0.8784369735449971,0.7190427147481103,0.9270826407398219,0.8756331984059303
0.15,0.9172030192399064,0.7559925715515048,0.9392602846610111,0.9071379653528168
0.2,0.9500812145917497,0.812185810417045,0.9047563494700698,0.9165589990442196
0.25,0.9511080980497302,0.8074143886157531,0.944532569262416,0.9936799314641016
0.3,0.9266889547072706,0.8381307429858414,1.0154969035264125,1.1637677255349381
