Label,Ann_Return,Ann_Vol,Sharpe,Max_Drawdown,Monthly_WinRate,Months,Avg_Turnover,Benchmark_Ann_Return,Excess_Ann_Return,Tracking_Error,Info_Ratio,Calmar,N_months
ICIR (no filter),0.18959039906577368,0.20175962453126403,0.9396845355270542,-0.2400689943684956,0.5714285714285714,98.0,0.3348979591836736,0.031143093568666513,0.15439343117099602,0.11583574471485027,1.332865183808868,0.7897329664103169,98
ICIR + TopRisk v1 equal,0.18856454787452526,0.1984720305785138,0.9500812145917497,-0.23216922218537683,0.6122448979591837,98.0,0.4272959183673471,0.031143093568666513,0.15321268289536594,0.11113139175758224,1.3786625045565721,0.812185810417045,98
ICIR + TopRisk v2 IC-weighted,0.1638855821532168,0.2043162890748651,0.8021170651409307,-0.24363434450873578,0.5612244897959183,98.0,0.42500000000000016,0.031143093568666513,0.1293796549418753,0.11961649684800063,1.0816204984357713,0.6726702775984874,98
