,Ann_Return,Ann_Vol,Sharpe,Max_Drawdown,Monthly_WinRate,Months,Avg_Turnover,Benchmark_Ann_Return,Excess_Ann_Return,Tracking_Error,Info_Ratio
equal,0.1699014051066925,0.2211945465122274,0.7681084718664188,-0.28040751407514075,0.584,125.0,0.4179200000000002,0.03188585215080231,0.1369505393883763,0.12127839143960842,1.129224569708875
ic,0.171019580994622,0.21774112747691177,0.7854261754603806,-0.26694899952714823,0.6,125.0,0.3548800000000001,0.03188585215080231,0.13771084855854565,0.1158071170279756,1.189139770445013
icir,0.17898747345803012,0.22017436231974857,0.8129351281966938,-0.2663129203038306,0.592,125.0,0.3590400000000002,0.03188585215080231,0.14559742895645922,0.11905616148191717,1.2229306500745303
