,Ann_Return,Ann_Vol,Sharpe,Max_Drawdown,Monthly_WinRate,Months,Benchmark_Ann_Return,Excess_Ann_Return,Tracking_Error,Info_Ratio
CatBoost-default,0.20133531302405938,0.22033651657503847,0.9137628031597387,-0.24755345446806254,0.5816326530612245,98.0,0.017860247584018607,0.18210283557948048,0.10712172683276719,1.6999617254468822
CatBoost-tuned,0.19839005349034666,0.21026628888691165,0.9435181195262716,-0.20567394173636122,0.6020408163265306,98.0,0.017860247584018607,0.1770243360390391,0.10587729815469933,1.671976326600113
CatBoost-local,0.2103116067522921,0.2134533754940949,0.9852812412334528,-0.23275219660776136,0.5816326530612245,98.0,0.017860247584018607,0.18971180682754651,0.10381399158816822,1.8274204076473268
XGBoost-default,0.21085057498034976,0.21094624312866994,0.9995464809095376,-0.22470719460215716,0.5918367346938775,98.0,0.017860247584018607,0.1894885135054467,0.10743045724775131,1.7638248813225916
XGBoost-tuned,0.1960067386688864,0.20805322720332897,0.9420990066033937,-0.23235681266021646,0.5714285714285714,98.0,0.017860247584018607,0.17401890626964223,0.10882166785959625,1.5991200070023248
XGBoost-local,0.21562927073539662,0.21383005674262912,1.0084142239878515,-0.22315843361978183,0.6122448979591837,98.0,0.017860247584018607,0.1939963363163011,0.11493387333019027,1.6878952278844246
IC-weight,0.18247263125171242,0.21903952261558582,0.8330580210949041,-0.26694899952714823,0.608,125.0,0.018716159782012465,0.16026659948923228,0.1174416515446862,1.3646487202902737
