Target,Base,Before_Corr,After_Corr,Corr_Reduction
IVOL,VOL_20D,0.8982163143391921,0.04343445623013553,0.8547818581090566
SP,BP,0.608791235456757,0.03251252736153249,0.5762787080952244
TURN_1M,VOL_20D,0.5522844827102,-0.016510003887614068,0.535774478822586
TURN_1M,IVOL,0.5110413507512798,-0.0032006968709525846,0.5078406538803272
BP,EP,0.5255893797280676,0.07635311047523773,0.4492362692528299
SP,EP,0.4423247315363608,0.040504446534965884,0.40182028500139494
