date,REV_1D,MOM_5D,MOM_20D,MOM_60D,VOL_20D,TURN_5D,TURN_20D,AMIHUD_20D,VOLUME_RATIO_5_20,BIAS_20,RANGE_20D,SIZE,BETA_60D,VOLUME_PRICE_REVERSAL_20D
2016-04-15,0.0011602400320022336,-0.10290011065163279,-0.1467337579270232,-0.13149417295569288,-0.018441760885224624,-0.055794510302358415,-0.028966665878408036,0.10141170271020408,-0.046814372923177285,-0.14062753423855542,-0.003972125629333392,0.08860928577488773,0.07875495118835835,0.05431880890314153
2016-04-22,0.0023754921044374265,-0.10253189643217243,-0.14806416569602734,-0.1280658001895143,-0.019373865675481296,-0.05835537066741735,-0.032238952117255346,0.09943578621472479,-0.04624046563177656,-0.13950301185177671,-0.005775109441160015,0.08506783621415324,0.07690521364952771,0.05606703411457543
2016-04-29,0.005145738760789577,-0.10392510456089489,-0.14570248316493004,-0.12324254261893633,-0.016436782394349255,-0.0598956504121723,-0.033615129026051474,0.10424631037359237,-0.04844415011297415,-0.13749905606995796,-0.0001762342600344982,0.08678770934144953,0.07028979366348355,0.06459331524038406
2016-05-09,0.003915204511303062,-0.10203894590088279,-0.14177786236723455,-0.11993864719274258,-0.010660179574742705,-0.056707588633633135,-0.030168513083324692,0.11218959834304232,-0.046257842356939076,-0.13289430954477072,0.005585730527098479,0.09442604678028328,0.07454231054993199,0.06889722063407058
2016-05-16,0.002399895289722167,-0.09823331866007162,-0.13992117264951962,-0.12284617690048165,-0.017466605884703765,-0.06271551353946331,-0.03919263675762822,0.11469804534552501,-0.039497167735729095,-0.12813277447877044,-0.0009254330005490095,0.09207624372932682,0.06982357900913101,0.07207143701937825
2016-05-23,0.0010960721396136082,-0.10077057433682711,-0.14170472070899506,-0.12935116698207033,-0.02188019622813273,-0.06112223416422952,-0.03884292391634536,0.11284775425566199,-0.03548803172122771,-0.1287460136896339,-0.000503475695010309,0.09414828825797251,0.06721144855494086,0.06628709934933895
2016-05-30,0.005282624711378994,-0.10524251312160225,-0.1430334569556583,-0.13173521682510583,-0.02098290600599447,-0.05836808479739958,-0.035120753471643416,0.10676550520380675,-0.038015799599394794,-0.13248305635267082,0.0001719156491170908,0.09283941773275653,0.06681279214155372,0.06314595743191719
2016-06-06,0.002079119980563834,-0.10495786141816425,-0.14609390550286286,-0.1359750210249311,-0.01672849931724074,-0.05048956152032486,-0.026301224987377057,0.10220772760437047,-0.03765795770742447,-0.13549217713029574,0.006412284834105705,0.09519096752119477,0.07618201277301602,0.06423167867812798
2016-06-15,0.0019409170680831798,-0.10895189533193943,-0.15052233191977224,-0.1364634658706373,-0.015367138168591206,-0.04553001254051213,-0.021948131536000753,0.09875980617427613,-0.03888363374435315,-0.14067985922900014,0.005343450818676819,0.09298697541068178,0.07898403499376067,0.06363834719371504
2016-06-22,-0.00015672514862055724,-0.10612641026890159,-0.1415105917819295,-0.13116221412424764,-0.003145763057830964,-0.039021555622985635,-0.013548449570052865,0.1081007054956227,-0.04010585348619325,-0.13368232824116402,0.022860073404868956,0.10399019780689145,0.08990444188302275,0.06668469010766816
2016-06-29,-0.0019904362414928153,-0.10463485862431034,-0.13723080307184163,-0.12723471094539301,0.006227112855452387,-0.03367524353955941,-0.0067391483046209235,0.10676145973889008,-0.04616359692816533,-0.13040807680539881,0.02821508986233772,0.10538009525875944,0.09490321863036963,0.07043614919340845
2016-07-06,-0.0034251539836305336,-0.1039719114406382,-0.13441455468066502,-0.12438413224327914,0.010159713507955822,-0.033631358109265506,-0.005096731663324521,0.10425435906027498,-0.05013128054799539,-0.13172973469114785,0.029196252222912552,0.10318198219740363,0.09244306531465049,0.07397977033685647
2016-07-13,-0.0007864413078762591,-0.10426273708288698,-0.13427962952806288,-0.12122308193161814,0.011975793282877317,-0.034789247811562556,-0.007160123979835845,0.10703022278306072,-0.048407912509457966,-0.13282522713161002,0.02781058349657977,0.10270819363379724,0.09129828101683651,0.07544252450393767
2016-07-20,0.004958000724648456,-0.10656878665196075,-0.13739192539472156,-0.12468748396027522,0.007099450259667862,-0.038622057296496676,-0.011029349678040838,0.10668304218933006,-0.04845235919711101,-0.13494985269033527,0.019460089450459832,0.10069563271861255,0.08900386985221129,0.07039809993612858
2016-07-27,0.004867294112495902,-0.1077551212426473,-0.1363628348987255,-0.1278560265453021,-0.0020447591168905096,-0.043720898706147884,-0.013670473154365686,0.1099512548886388,-0.05246023393681966,-0.1357531114686953,0.0013523033480767096,0.10400870745063666,0.082125310255852,0.07807167087470589
2016-08-03,0.006270100346393952,-0.10536350891543507,-0.11966975929470766,-0.13403385649898766,-0.016434163861989513,-0.060289409413218524,-0.03145816748687075,0.11390126309191709,-0.04978226551244521,-0.11960631097535314,-0.01952571476137187,0.1007587613810533,0.054366974349557964,0.06853974411069828
2016-08-10,0.006843598362267374,-0.10595196810641036,-0.11021716340869497,-0.13626595935438426,-0.02296418248065817,-0.06627963085509525,-0.03814399825613617,0.1102360222812188,-0.05098994956518023,-0.11161694929431241,-0.029504025690583104,0.09406777201751966,0.047081094194507456,0.06983768613303169
2016-08-17,0.008783830467160325,-0.10599941803706982,-0.11195328347238863,-0.13075883488242313,-0.02309138550386789,-0.06384642741115351,-0.036862963687507334,0.11371059406487694,-0.04574284399220132,-0.11325097771107005,-0.02845464100245939,0.09547180866170533,0.04851969382075459,0.07355329728536196
2016-08-24,0.009163988304976674,-0.0975089439842469,-0.11135001551853448,-0.12862460835703168,-0.03450697944676443,-0.06983097156284639,-0.041864106110619186,0.11036542240073079,-0.04691913284110142,-0.10787514376344773,-0.0368903952258255,0.09222765199091064,0.039757841813115785,0.0731147986798484
2016-08-31,0.012102803701156828,-0.09472459427834781,-0.10956802466023438,-0.12223431538125255,-0.04195126491821189,-0.07182908133533442,-0.0442543618753436,0.10927543877650504,-0.045149542732229285,-0.10592677840174618,-0.04325205739402462,0.0905956646972282,0.03148175893181582,0.07765431291656927
2016-09-07,0.012494115317158999,-0.09319073576373924,-0.10788167270830419,-0.12472636079458962,-0.037658039778605525,-0.0700599802140249,-0.04244902215908966,0.11318086544445098,-0.042903175990869735,-0.10584068827870487,-0.040528965363245226,0.09152119526524191,0.03757031461199917,0.079994868309976
2016-09-14,0.014919623544290479,-0.0881502960966411,-0.10625475503704189,-0.1263277578132885,-0.035537164493022216,-0.07024632970264195,-0.04465270630879255,0.12442095088295702,-0.03812321002386284,-0.10014797932561438,-0.04359497288742076,0.0916511088105899,0.037054308333737684,0.07891883674009871
2016-09-23,0.007874726480432005,-0.08732426909981118,-0.10081419899988218,-0.12535824106226506,-0.03438944773078911,-0.07254317710972512,-0.0461927078538248,0.13468253354749019,-0.03870739911033635,-0.09364302314336613,-0.04573893308015148,0.09678873185324738,0.036973829528202606,0.07896878140047645
2016-09-30,0.010130325518380114,-0.08316589951041944,-0.10246856719207387,-0.12411743434471716,-0.038703852179347784,-0.07361035496483388,-0.04849015284506985,0.13368329525122977,-0.036042044758170126,-0.09514658942386076,-0.04697289752647856,0.09301038493973608,0.03629129929247279,0.07816690225320962
2016-10-14,0.012390024606387886,-0.07966606593138761,-0.09120190256579792,-0.11500912851456073,-0.04871766453598916,-0.08093403854355029,-0.0538523543039952,0.1327716018395251,-0.04599066348755144,-0.08749866418594875,-0.055577380644456574,0.08962278614802793,0.027443239230940497,0.07932448546188091
2016-10-21,0.009709442825126929,-0.08541022781746874,-0.09045907050545572,-0.1105168067553627,-0.05632076239387427,-0.08315791174600139,-0.056484579355490595,0.1246939282305163,-0.04846094340754849,-0.09085692217385022,-0.058960105823829566,0.08479872728554198,0.022511545695296994,0.07765902598463609
2016-10-28,0.011581162652987174,-0.08199356077796675,-0.09001972362601868,-0.09846101017830797,-0.0683150451512202,-0.09033255607189168,-0.0651824150146076,0.11733165685796927,-0.05062966835491964,-0.09226732266350844,-0.06596695811384319,0.07778126174126004,0.010948721623253842,0.0791889371722454
2016-11-04,0.011003024662754731,-0.08106031914735745,-0.09082975563242791,-0.0950651187334329,-0.07122963779048262,-0.09161544724631074,-0.06761411723525909,0.11792819799630508,-0.048249702889015304,-0.09160920678174214,-0.06585879583930536,0.07880481950419496,0.006847246070962086,0.08228461047044962
2016-11-11,0.00976648645358466,-0.07959342741809369,-0.09212637908701085,-0.0935432524129522,-0.07602854389544916,-0.09052028853774512,-0.06816101876924055,0.1183207581427985,-0.03926472770746028,-0.09022613104924293,-0.06928983055370831,0.08317863428049142,0.00612566512883647,0.08385485656338582
2016-11-18,0.01026927311521205,-0.07835479750192768,-0.09217844639944901,-0.09642404776436676,-0.07877424256124514,-0.09279737425625985,-0.07092910201287835,0.11551439712209216,-0.03527900552757535,-0.08916568583955517,-0.07228342361086314,0.07905077077215934,0.00827332147306862,0.08070611204334742
2016-11-25,0.01185648150031546,-0.07400655661852233,-0.09254973424766717,-0.09371126242735342,-0.08638750155390511,-0.0996864511168691,-0.07945400607434866,0.11407853941389354,-0.032406089164951635,-0.08621003612032062,-0.0782851067020896,0.07323577460597612,0.0011444009181926337,0.07698805953559423
2016-12-02,0.006176209853141131,-0.07034862886168212,-0.09266957263827671,-0.09295792361234864,-0.09451691099639556,-0.10777665659226536,-0.08878665454077864,0.1049082321264987,-0.027350464789493812,-0.0833865514704602,-0.08398284933082356,0.06191798011183259,-0.008096390688898983,0.07712497438710401
2016-12-09,0.004173926305783469,-0.06556147905566737,-0.09465551004741514,-0.09054445416974535,-0.09955343048369995,-0.11210401540815458,-0.09531958448259724,0.09950673519280676,-0.021792234896485428,-0.08093464793109849,-0.08793568110297506,0.05250634123037056,-0.017872416655773368,0.07753954303742742
2016-12-16,0.004222309405370716,-0.06737593075176383,-0.09236468631444085,-0.0898054547780665,-0.09874382681326709,-0.11552831957627639,-0.09834768166907468,0.10074112483113587,-0.01790883661890386,-0.07849524599404592,-0.08935183942018306,0.04944558719645763,-0.018656088597041345,0.07901306803397246
2016-12-23,0.002573692187732264,-0.06840071137837052,-0.09305884929053732,-0.09241927710699425,-0.10066504847513835,-0.11583506665478141,-0.09867927305842601,0.10095317942691934,-0.016037509921888245,-0.07940996557768035,-0.08951138824512664,0.04820700323726098,-0.017578127108051927,0.07667090833109251
2016-12-30,-0.0011437228500059354,-0.0645733314502694,-0.08754873937920636,-0.09421745638019513,-0.10524009881251398,-0.11725319525826189,-0.10232973100838128,0.10214561235485076,-0.011897804898571744,-0.07290797402140788,-0.09290853043256127,0.04615161929613942,-0.025585223012756887,0.07609696084487819
2017-01-09,-0.000729449193677308,-0.06677887554557556,-0.09081409483938092,-0.09039829731741147,-0.10373689801408091,-0.11705500296110519,-0.10142232281142488,0.10367001672635287,-0.012250635300890246,-0.07656439236236298,-0.0886957018644175,0.04871363596533485,-0.019431269602030482,0.07973940749595462
2017-01-16,-0.005396208950823647,-0.0677250689102411,-0.09009210206709337,-0.08546410252188827,-0.1065634776452425,-0.12160854022413417,-0.10502538349063618,0.09787365616517685,-0.012536564987253985,-0.07759679705618747,-0.08824396161395574,0.04373332661016115,-0.017966239717827633,0.08017457003937775
2017-01-23,-0.005005220226395475,-0.06733436779124227,-0.09290604753575259,-0.07337824094397077,-0.10674595963857117,-0.12614756686097828,-0.107984397140852,0.09364731680065463,-0.015513175237543897,-0.08073163300574944,-0.08809124027635638,0.041722709362332015,-0.017509974344883755,0.08328215083471714
2017-02-06,-0.00020786786615041572,-0.0742044305669435,-0.09665499433732945,-0.06899291874644638,-0.10217131858738242,-0.12142295047543368,-0.10268434617707238,0.0995706493392627,-0.017851902935429806,-0.08487859624084869,-0.08831073124613316,0.049893922741737956,-0.006845162522307821,0.08631020821752185
2017-02-13,0.006491609879197152,-0.0671621654236887,-0.09055952673171415,-0.07122990887653752,-0.10218446986274872,-0.12180509431458321,-0.10427763091314435,0.09967984016756229,-0.014378639971764228,-0.07854808591885504,-0.09619290176124826,0.04878957476307031,-0.013089932741274884,0.08561061867461134
2017-02-20,0.010396620684117116,-0.07115906641478628,-0.09446028113199562,-0.07030424630249968,-0.10178064839141,-0.1174301172214662,-0.09927979595148274,0.0955584866299683,-0.014950058888579936,-0.08635390630394825,-0.09104068782370062,0.05078568567295258,-0.005987676248187804,0.09051272233490487
2017-02-27,0.012479647380785627,-0.06486962995179901,-0.08445991025803438,-0.0711175412663288,-0.10524205784155069,-0.12183517916730253,-0.1027301123748155,0.09434908410447641,-0.014250649647033507,-0.0804256412101195,-0.10326499972353935,0.047541208210158024,-0.012794949444036486,0.08463938942002007
2017-03-06,0.010905917458843024,-0.06163232080200835,-0.07778638206803011,-0.06945407471253984,-0.10887687948876398,-0.12177822362114922,-0.10214014947637823,0.09531030462691005,-0.015569562892258457,-0.07557699250907977,-0.10770596081487646,0.04794718812663858,-0.018622670362843735,0.08669337303968028
2017-03-13,0.012419166663887088,-0.05287353511313548,-0.07249149872382267,-0.07423174463390093,-0.10813365624015853,-0.12183942829163742,-0.10204903594156046,0.10793580459280973,-0.011266602594857502,-0.06530310383403602,-0.10830754605594399,0.0585539188739799,-0.008242232815974204,0.0963527256242962
2017-03-20,0.02064540179057938,-0.06301425751720818,-0.07599151588436535,-0.07980750567554647,-0.0977702577570647,-0.11214533829546894,-0.09031340577129154,0.11138370088975581,-0.012637462869618716,-0.07199494459513812,-0.09712438084390933,0.06844511077712137,0.00028460732383562887,0.09844211000909647
2017-03-27,0.02135912737688741,-0.05879115445800989,-0.06669951825029903,-0.07633870114926831,-0.10317420310268581,-0.11388375511026386,-0.09316700263105882,0.1223466526580398,-0.0031057570502255943,-0.06343871365537002,-0.09964320406999437,0.07707160682632806,-0.00040142579639108064,0.10057917786517785
2017-04-05,0.025199308261444914,-0.06051200441535005,-0.05639327900894493,-0.06099820302590988,-0.11240918655534776,-0.12249029734323379,-0.10386523582561977,0.1165899213792721,0.0036321000454531053,-0.051537014347099154,-0.10818420855798032,0.06620760098029188,-0.015504318892332752,0.09647732136171944
2017-04-12,0.024373256582937694,-0.058889417220718866,-0.04363849575002494,-0.04157723335279052,-0.12261570060829706,-0.13725867022282753,-0.11781399278181137,0.11176960767437064,-0.00024766250946350253,-0.042697493348593324,-0.11811798803298604,0.051063883139945844,-0.03324653440395651,0.09669006437127602
2017-04-19,0.02247678574166071,-0.050180295255553356,-0.04071153036021987,-0.03950842432944344,-0.12964110026460868,-0.1438019617919314,-0.12607472200699357,0.1061715704516278,0.006957060607915023,-0.03684104058407661,-0.12280054904802887,0.0404037328780362,-0.04285506610543794,0.09157616057446659
2017-04-26,0.01768228210581908,-0.04984969465959699,-0.03813250024008623,-0.029577083689226544,-0.13541662941681648,-0.1532070633233367,-0.13298400040080194,0.09989037679034421,0.00038924969629550106,-0.033545887995085774,-0.1269027619498205,0.03294297162282207,-0.0539345196072879,0.09554497850266006
2017-05-04,0.017038068527470838,-0.05021931138580571,-0.03707759599357499,-0.02536660813398131,-0.13536323603163034,-0.15395289401701484,-0.13264394961573242,0.10369456504229817,-0.000534527262022092,-0.03269438924336714,-0.12188421820762087,0.03452017778868651,-0.05364581986523254,0.10136463888556245
2017-05-11,0.014016197633186718,-0.05061687804744229,-0.035473000373467754,-0.026797108866269917,-0.1338441350799248,-0.1506569291957778,-0.12979631596421512,0.1092928742601558,0.0025995128320127694,-0.03253595153419515,-0.12553933910677667,0.040141157806476355,-0.045452010406130346,0.10323858889396857
2017-05-18,0.012445652266374566,-0.04661598000668928,-0.03190521324991976,-0.020862782047033412,-0.13791581124929833,-0.1523697576711704,-0.13365404827905392,0.1046706588205278,0.010256422329832758,-0.027287997289571854,-0.13052885043000256,0.0350032011066815,-0.05546164757533723,0.10102197767850676
2017-05-25,0.017689328412500895,-0.05452302229586996,-0.03203240486105668,-0.016984432794474494,-0.13932274670450467,-0.1569791241940711,-0.13682568576605417,0.10229816374274939,0.003913456544201687,-0.030229354057705934,-0.1293542358334594,0.0260824138948631,-0.05693054820240849,0.09683508269607997
2017-06-05,0.014393423846356739,-0.055348007728625186,-0.03914803293838436,-0.02004261464156231,-0.14008565709515777,-0.15748960325528227,-0.13547072064586857,0.09393608420899562,-0.0058531113130566425,-0.03454557249997936,-0.1270322150102334,0.01920613361432361,-0.05742449905376003,0.1000243241484141
2017-06-12,0.016950169884271688,-0.05353574629503524,-0.04263900133236314,-0.020017783444962512,-0.13723234262458253,-0.15516357962547217,-0.13381190624154626,0.08893115196435947,-0.008629857543807433,-0.03749088730072138,-0.12327964884267933,0.014966360494479672,-0.062351747276911354,0.10499981712880778
2017-06-19,0.02062013168351621,-0.05456581014491504,-0.04374375619312145,-0.02294397735782642,-0.13726641663771932,-0.15405688516028243,-0.13425563983072905,0.08342719472413603,-0.00709442370802612,-0.038511885313573434,-0.12467101563868369,0.009342873189628233,-0.06599218655635478,0.10350780386148771
2017-06-26,0.018249538467997022,-0.052706362855083816,-0.04601687899158264,-0.03147848636667986,-0.13343087565593884,-0.15441549608963362,-0.1359754603476859,0.07905404541245123,-0.011333243454122587,-0.04146358345972772,-0.1218113287848197,0.002941947043818265,-0.06889263753084915,0.10223011553960981
2017-07-03,0.018677829289512744,-0.05347803580375242,-0.04378031196046438,-0.02935118754906178,-0.13682424025352652,-0.15742249556891388,-0.13982684844718632,0.06989957482729398,-0.011606411693075079,-0.03973989064710361,-0.12425618719431838,-0.006206394247453646,-0.07104981751467361,0.09788077500366371
2017-07-10,0.01604971424378303,-0.051239887606768744,-0.04746272528455512,-0.03701518510239977,-0.1358057119067597,-0.15510985650210785,-0.1396899905673159,0.07034737460438728,-0.008554242626264785,-0.04114332381644299,-0.12391803023967075,-0.008405979173476217,-0.06852314732864304,0.09673483099742503
2017-07-17,0.01338622570373559,-0.051135897843510275,-0.04374678093521582,-0.03932228918257476,-0.1416686285585337,-0.15815723276688634,-0.14563929281892393,0.06658121419675841,-0.0041437647331260645,-0.03721438109973254,-0.12589534360729387,-0.013326606395184059,-0.07000930428751152,0.08977303787101298
2017-07-24,0.01031710241615491,-0.04092678330187164,-0.03085912632308414,-0.02864134254289712,-0.14702444633152933,-0.17032530406127477,-0.15957682660333955,0.06305691980741922,0.0035531156274028015,-0.023331295923002444,-0.12791304125129285,-0.02594308395924288,-0.07597936936203523,0.09255224248945311
2017-07-31,0.010430622816288723,-0.050446738331846416,-0.02901861175911341,-0.02661497895085982,-0.1436038815404032,-0.17169177277452066,-0.15876316973252594,0.06651091161163367,-0.0009653005505975135,-0.025630977370315427,-0.1262546478504462,-0.02367305167299804,-0.0664761604276746,0.09991917461077628
2017-08-07,0.014372427836365024,-0.05088584299654984,-0.023968045395165564,-0.023226944478487558,-0.14255895247462075,-0.1749358047428795,-0.16235805392800481,0.06657577767210347,0.0023542139533337604,-0.021171280782879782,-0.12116286875821267,-0.027970694748852862,-0.06553860063302284,0.1029204915995215
2017-08-14,0.01568448006475153,-0.06029339584659717,-0.026669655644042587,-0.0200524587407587,-0.1398303403797524,-0.17289971080271657,-0.1588681436765467,0.0612806674184924,0.0014819002662387751,-0.025429259013096124,-0.1184814780372105,-0.028615864477211105,-0.058197026110111454,0.11221561952247412
2017-08-21,0.02061971367275749,-0.0643059636016753,-0.0451184433079472,-0.02718302806954416,-0.1332530927722965,-0.16092945186914676,-0.14628360438985483,0.06124406388108838,-0.0021100461164561602,-0.037084414647609316,-0.11717008306077892,-0.019782539081507306,-0.04352553125006193,0.12139002427927575
2017-08-28,0.018146867354165482,-0.06247171725485331,-0.052467840313260086,-0.030640717961969606,-0.13215837387902632,-0.15704761367547235,-0.14128069092325782,0.06436794654059552,-0.006006534770895582,-0.04406479939189573,-0.11538768285605151,-0.01176445299354311,-0.044675343527802544,0.11951941855721104
2017-09-04,0.018442391168732225,-0.06289163848326779,-0.054190835761830626,-0.02474854668970761,-0.12740346945109984,-0.1559968966815342,-0.13748340589479402,0.07162606594895296,-0.011444520525643598,-0.04864678599335641,-0.11307652402157971,-0.006124897034278548,-0.03983121526599965,0.1280928070792228
2017-09-11,0.01795053370511233,-0.06492380181824732,-0.05695509613037405,-0.019080836575311143,-0.1239878147243352,-0.15869767464662576,-0.13999943386863475,0.07696060080245129,-0.013714944180935043,-0.04794715685058125,-0.10823877316962731,-0.005401186055692302,-0.029049500826895343,0.1370926466451769
2017-09-18,0.016566908427690673,-0.06260168050645319,-0.05620547879059026,-0.01782491482296548,-0.12552452274472664,-0.16066751487944636,-0.1426023542823837,0.08016139579910589,-0.008364676131398997,-0.04429824794493702,-0.10964009200367862,-0.005658689478993612,-0.029253025153246077,0.14063049903438346
2017-09-25,0.017118776336066375,-0.06423951285644293,-0.05680291644952851,-0.02569155838702147,-0.12600543982858864,-0.1562805852109662,-0.13702951438968755,0.08059043757319989,-0.011138264819882964,-0.04576601413236021,-0.11022403371592226,0.0013866098812466102,-0.03282493023735804,0.13490140618172833
2017-10-09,0.021078547596471684,-0.06725198371339512,-0.0600972084245613,-0.025354869403915757,-0.1207388938437734,-0.1540967612639973,-0.13337684692469587,0.07727711855022007,-0.014273633476894327,-0.05003848403950149,-0.10725138311540797,0.0012418542115025793,-0.02628498728828733,0.14163742814737604
2017-10-16,0.024727488581628872,-0.06438838587134117,-0.052102553804825494,-0.034331206757360455,-0.12160499543833518,-0.15287066673347605,-0.134389335647295,0.08184748757254202,-0.007264439108361945,-0.04316334857337924,-0.11000799537166965,0.0017148059474838687,-0.03526367220009266,0.13632361839220822
2017-10-23,0.023554038657247225,-0.06332929888248907,-0.0483834832831339,-0.04122172186331891,-0.12426032653699466,-0.1543048171053482,-0.1390392245206999,0.07771645224387796,-0.0018732702656677348,-0.03918206248637227,-0.11043509859489745,-0.001502556542239634,-0.04666808204798402,0.12852956696972925
2017-10-30,0.024601442517906157,-0.05889182893857954,-0.04309964440527821,-0.036861584616226406,-0.12393755548220656,-0.1584711964857225,-0.14383748670487048,0.07518169040736056,-0.0010390537984574727,-0.033669069994725784,-0.10905339752351426,-0.009320626357100176,-0.05093561522559357,0.13109980754245826
2017-11-06,0.025284375228468162,-0.053908165289544105,-0.02621771298010752,-0.02724125317702587,-0.1256352895612542,-0.16484782873345935,-0.15232307088022592,0.08251111839932446,0.0076271245728917,-0.018598415689853494,-0.11168985202871545,-0.013093050954553008,-0.06276054829718321,0.12826219420739352
2017-11-13,0.023537779715392032,-0.05195082061651689,-0.01747448398051529,-0.015548942171914314,-0.1265704822327638,-0.17094833779013205,-0.15836486848287465,0.09196989979116098,0.010737766432867947,-0.00987374895660699,-0.11215324027662345,-0.01154003881279215,-0.06554280087671457,0.1337867898631248
2017-11-20,0.021668768053651435,-0.04978649737878334,-0.01531448669491424,-0.008913493748318927,-0.12399955654602525,-0.1740007792153698,-0.16023911267970445,0.08887197202226746,0.011765198610844872,-0.009868332151159852,-0.11423533101464146,-0.019971505927420183,-0.06816711210669119,0.13319785385020733
2017-11-27,0.022840101506169375,-0.045711604716355936,-0.01886532563542592,-0.008506424457880283,-0.12023731083092026,-0.17202693232087388,-0.16007591871901913,0.07570411089267329,0.013035977470991039,-0.013695539633515387,-0.10962950135516619,-0.03464301543313004,-0.07813459503038753,0.126893641997492
2017-12-04,0.020379032777752278,-0.04470623780394534,-0.027832167935684167,-0.018356339275093236,-0.11576942174548592,-0.16870012477526206,-0.15850231724058403,0.07234206845040933,0.015264902307395231,-0.0180245937922931,-0.09882206600789599,-0.03700353564148935,-0.07227680308902193,0.132020389157688
2017-12-11,0.019704586550673704,-0.04693950109232877,-0.023668557982934123,-0.012753573575031851,-0.11336420645290446,-0.17102500660820963,-0.16134420475961112,0.07433433279939795,0.015719346585879618,-0.01555591849351475,-0.09873393464490107,-0.03758615707441567,-0.07677847705614343,0.13249219632405382
2017-12-18,0.024857356342801097,-0.053425959797915465,-0.02136589652341912,0.0012216538294336748,-0.10358615635551614,-0.17470743893464064,-0.16131803990169305,0.09158659069734341,0.011158685629345959,-0.019251934903151323,-0.08964782416106379,-0.0291893861478008,-0.06960319507191143,0.149079881703964
2017-12-25,0.026925773495188612,-0.049329311972771406,-0.02487510941353753,-0.003960923963848812,-0.10733576184132612,-0.17098171696058126,-0.15878629868800978,0.09012427127848192,0.010300732220263255,-0.02025041181058793,-0.09528544167067832,-0.025837991250124495,-0.06407513562299053,0.15193111981161012
2018-01-02,0.027585284348303023,-0.046768825337553686,-0.035986799780288445,-0.012258488038453436,-0.10484017924348024,-0.16741259814984175,-0.15460787923728134,0.08987732819018572,0.0005863311173343522,-0.027280800557724756,-0.09105850802681668,-0.022366413451075862,-0.05931987179533276,0.1600506927263279
2018-01-09,0.026832490481359328,-0.04563011213598404,-0.041615161027446126,-0.015167478270060854,-0.09999559268796829,-0.16493187384437352,-0.15213089772668748,0.08177001480965936,-0.0003914577582484332,-0.029763933312960518,-0.08995091784747573,-0.031891577403581416,-0.05512481179091076,0.16480368090328415
2018-01-16,0.02593540994576373,-0.039979779823060425,-0.03671652969449326,-0.013488891633460814,-0.10254741450133334,-0.16609037606607482,-0.15557167255640478,0.07044847599744966,0.011355025063926107,-0.02321533327950673,-0.09321726471416499,-0.04675396272346505,-0.06009364372472522,0.15458622027617094
2018-01-23,0.02405166525834277,-0.02719711859776687,-0.032648172886850194,-0.022933299664300768,-0.10762547333821487,-0.16538701078639578,-0.15720842598312113,0.07016830025189423,0.018932882033850438,-0.01148997392214623,-0.0969348268851793,-0.04450900935577084,-0.07260232949233382,0.14831151154383249
2018-01-30,0.03049036714097202,-0.03989973947184137,-0.03749861651177266,-0.035308532802858617,-0.10178800678096907,-0.1520804235583033,-0.14442873018731023,0.07429124796456034,0.020638400716977087,-0.01860457843043493,-0.09489487354343693,-0.036197014767664286,-0.06306672041346426,0.15081274770943492
2018-02-06,0.03186300973551012,-0.03547032483821227,-0.025248370473554924,-0.028250729811975676,-0.10762397221096555,-0.15431200672321202,-0.14855328512950405,0.07008122377623946,0.02778843956090625,-0.010411172742195517,-0.1015241254402516,-0.042492995762914355,-0.0723112881423725,0.14406905565218542
2018-02-13,0.03127049915890792,-0.029577034038291258,-0.02253201731627809,-0.02421743321623948,-0.11335878234893866,-0.1587486451756806,-0.15336438184071863,0.06327661804591089,0.027379434477087974,-0.005729234300898503,-0.10447454435660611,-0.048897557224796974,-0.08067768011338936,0.13649613838625546
2018-02-27,0.020153772512607752,-0.033644700703360966,-0.033133916850682316,-0.03135439978791558,-0.1037328206973423,-0.1560889583849892,-0.1516374392901082,0.0692767574716923,0.02949706261620521,-0.010992609153415066,-0.09577490257745737,-0.05038240273881204,-0.07318892687312588,0.14114133034228588
2018-03-06,0.019684418413168245,-0.028459759161247544,-0.04932202329397671,-0.0554195601752378,-0.09132767369695968,-0.14832359282876265,-0.14326533723317242,0.08490491341751735,0.031014058603590466,-0.01874414878959718,-0.07907420766217094,-0.03939271387414673,-0.05968754290426967,0.15138004994618282
2018-03-13,0.0176874781457555,-0.011714460564014479,-0.04816174137042419,-0.053953914891126616,-0.09461465723139399,-0.15126926153962622,-0.15156385042421688,0.09122108460690571,0.04969018706762481,-0.0011679082119459825,-0.07178324098645143,-0.04055912924076351,-0.059907871060550774,0.15670521465919998
2018-03-20,0.027158496435263687,-0.018836269156756777,-0.043815093202462636,-0.0497587124858783,-0.09350010167689293,-0.14974729099511921,-0.15224749335428694,0.08506826626815155,0.05138242239406273,0.00016914590706838202,-0.06723365907202954,-0.048197180398142234,-0.06379453927581341,0.1490913293780714
2018-03-27,0.027278677956662865,-0.023283564448196,-0.038394283373726315,-0.05197481389864183,-0.10216806819859912,-0.15156842242849222,-0.15480318786462785,0.08478107650710066,0.04680702141211523,0.002300815965692744,-0.06741790604463774,-0.04631957188143479,-0.0666999761334832,0.1362026138865894
2018-04-03,0.025733902402265568,-0.017319761724814337,-0.024978787893912016,-0.05565284536299445,-0.09544808634328521,-0.15314372409388874,-0.15912018481488774,0.09325941869754273,0.053988598656587866,0.012463055221859578,-0.05962674616133193,-0.05278818715120754,-0.06121564798825809,0.13526105348716427
2018-04-12,0.02870210336535317,-0.015122374954812518,-0.02651813546984509,-0.061331625763348385,-0.0916429209044638,-0.1525306364232494,-0.1602475252271484,0.09745773080094042,0.05268446402801767,0.011006000133434614,-0.05800608432786589,-0.05165318416557154,-0.05350442080846339,0.13959279362748575
2018-04-19,0.037779016970534485,-0.021011350756829663,-0.019868047939312537,-0.07309669057414682,-0.08659947937409633,-0.14531948099407593,-0.15516045444546253,0.11337851704121317,0.057036739698178,0.017370204895601673,-0.05377019620401193,-0.03383462345536246,-0.04180220142056004,0.14397299623061444
2018-04-26,0.048481629287102194,-0.03867497475257008,-0.020176101866041546,-0.08464577880124931,-0.07946655721855997,-0.13983531853202427,-0.15013636350566067,0.12249946393083071,0.052861819284426105,0.012551011067173459,-0.04185088109059641,-0.021368491718934606,-0.030468654802321412,0.1569829541425093
2018-05-07,0.044309185337703984,-0.03162563447771534,-0.016694959371089644,-0.08630014313411818,-0.07479249710382639,-0.13972766979489107,-0.1537243013095971,0.13980630678270814,0.06063547474368072,0.018453367693966917,-0.03632590221469528,-0.012640546962006362,-0.02297574906945276,0.16198826200454808
2018-05-14,0.05083438880083904,-0.03233157676714886,-0.022529171241495435,-0.09035807805933119,-0.07134593152692865,-0.13360027406335248,-0.15226985194372997,0.14533077254405605,0.06902083954063053,0.015444732348472514,-0.02977574998915222,-0.010076534252836064,-0.013925822844297688,0.16315627607772926
2018-05-21,0.04558604534677142,-0.013920692606592804,-0.007000112647772305,-0.08913381561474525,-0.08234328929082857,-0.13854490947922146,-0.1602137558430596,0.1265526110983232,0.07582944971174994,0.029515967971792224,-0.04092107131832307,-0.02114043246424199,-0.022886208011345215,0.14641163859523293
2018-05-28,0.05856968070668648,-0.020507991522512484,-0.013071939738818802,-0.09192363195512249,-0.07709482842914697,-0.1407666007302864,-0.15934766815904464,0.1479887155695246,0.06953274679272299,0.021257259840411113,-0.028217178023695284,-0.007283847686095324,-0.00775122701345132,0.1566866838324811
2018-06-04,0.04978103541607931,-0.01819453663221181,-0.001337979712904805,-0.0886942889073054,-0.0839989976969403,-0.1435858639197589,-0.16304878434178488,0.13919885586048517,0.0724509849447767,0.028767734228084846,-0.030678799551672617,-0.005224998669409518,-0.02608703563561462,0.14895010448297108
2018-06-11,0.058587773521680965,-0.0159060460151896,0.00048617504203248897,-0.0984458454275134,-0.06381006214073871,-0.13350158151790456,-0.15469736464850958,0.1615725977299691,0.0860504228503129,0.03061517690531902,-0.00813148946910756,0.017275816900011932,-0.004041572321540879,0.16687807551016934
2018-06-19,0.06255430215079681,-0.01732599593427309,0.00874588765540365,-0.09928097310624197,-0.059518031466430726,-0.12754547555366547,-0.14951897349715962,0.1660243123044963,0.08966568131421772,0.032555044981226786,-0.007571625191826499,0.025078236197631606,-0.0022729723895610733,0.15234248825706867
2018-06-26,0.04533602911162538,-0.005374071983047854,0.027648197463782505,-0.0796762946946744,-0.06036184962159849,-0.1317636975862664,-0.15537913620460636,0.15261691972503127,0.09575872792533992,0.05187445401282217,-0.018528209526593568,0.015682325132999286,-0.02217733803367867,0.13782274897793376
2018-07-03,0.04673201262919443,-0.015999023038137793,0.024924698758086106,-0.07144057589537137,-0.0623513760540649,-0.13306323243054596,-0.15886934461207816,0.1549383490676275,0.09909224158659488,0.05018840781820739,-0.002337184140129657,0.014349976669705696,-0.0237444809783524,0.14196909632190394
2018-07-10,0.04147793758352098,-0.005075936424600815,0.00344344589727964,-0.09539549224279874,-0.036852840318601594,-0.11448094716093934,-0.1412960405859037,0.1806946855781693,0.10446416824442915,0.04358171037879465,0.02913374176966386,0.04171299997103374,0.006478068702756524,0.15591198514150795
2018-07-17,0.049206541965810424,-0.007352785247459086,0.0061659473236894205,-0.07974043315769908,-0.028417180904123103,-0.10340452424998872,-0.13252777969588275,0.174587169552179,0.1186063487098382,0.043404530762782945,0.03935379288458192,0.04790303858458792,0.006833561415031768,0.16249636554634567
2018-07-24,0.05724009952999107,-0.019440091045630773,-0.004251364086436767,-0.06181385135934302,-0.027054352789051724,-0.10705543258360582,-0.1341096544274527,0.18163664588875902,0.11302230968540003,0.034811890199650454,0.03550835880548604,0.04849359926112425,-0.010100289244935707,0.16546206109313247
2018-07-31,0.05721295956211481,-0.033085233250756234,-0.03764167290590656,-0.08539444480373899,-0.03838471098357217,-0.10793011008530941,-0.12653583442073502,0.1873503649688933,0.08230621441597083,-0.0012473165571570616,0.015030280667736253,0.050343047098925404,-0.007116042899453043,0.17042176737973103
2018-08-07,0.05463017657635032,-0.02462915883790359,-0.044315315190391974,-0.0748714289561706,-0.05733035807143564,-0.11882171584017517,-0.13562696399569665,0.18813769173853287,0.07516889697893621,-0.0011726328411137703,-0.00017416804302006412,0.04816875045677174,-0.024595519841847137,0.15235722263165402
2018-08-14,0.054675842013920326,-0.007145277622557164,-0.027989017966899236,-0.06551176233301648,-0.06888172689246727,-0.12037347593869999,-0.14179275008260708,0.183539455151152,0.0889293307487196,0.021718873878662174,-0.009658984091519883,0.03995337021304022,-0.032652260665463145,0.13717787240127535
2018-08-21,0.0482223599194184,-0.008629820901066777,-0.04051756063874537,-0.06752513624956984,-0.06930696258788818,-0.11692594372518979,-0.13449769877856155,0.19125652902278048,0.07367908410457731,0.00869460709321498,-0.011360450792830091,0.05059576696440672,-0.028081771366616416,0.15070630785513417
2018-08-28,0.05682085378374043,0.002634957747199088,-0.026316458350537277,-0.05521903815366061,-0.06684027488536605,-0.11258602062876412,-0.13483794725197437,0.19642797837573678,0.09483353880201209,0.025950072684478718,0.0006351286021942105,0.05256882078848769,-0.023286984358997134,0.1510419255868515
2018-09-04,0.06263483581747054,0.009968905673042249,-0.010729324989866477,-0.03409028032788692,-0.05982887313801831,-0.11088373167566912,-0.13718186534119645,0.18751826265685093,0.11091228274872574,0.040043985065098875,0.013468784057688329,0.040044797844991244,-0.029486716008366425,0.1532073546551283
2018-09-11,0.05176461232825711,0.025434565435580373,0.011803054252057514,-0.022112486850340903,-0.0678385742250656,-0.1129949826389446,-0.14468144242068084,0.17812781977331948,0.1232962879800453,0.06352370608344492,0.004725317157062957,0.02661027938134825,-0.03560771890472428,0.13147915256912768
2018-09-18,0.04223137117035129,0.03347508334350012,0.01620293638470267,-0.02933515028447484,-0.08309457022328082,-0.11377979461789321,-0.14571381329787497,0.15815348296721,0.11784788448143983,0.06714346345234297,-0.018690891111642786,0.018454506512452243,-0.05514743243942448,0.10072961971340988
2018-09-26,0.044796388066278316,0.030594169237073487,0.011493541886619106,-0.032900629204071094,-0.0826906250163903,-0.12268017084890144,-0.153733952933396,0.14984869581744814,0.11172088651215809,0.05843648698704946,-0.015851582059736986,0.01043961123173733,-0.0661040914296565,0.1087091687694837
2018-10-10,0.03406809185776019,0.0396614354371571,0.018283228692204806,-0.024172279592264492,-0.07771705153502878,-0.12732544195562542,-0.15941232607260516,0.14377319907455594,0.11699273141443689,0.06942144420385986,-0.0098326189888318,-0.000687315653362852,-0.06598828205594517,0.11266455346636133
2018-10-17,0.025258817933237646,0.052816866966516635,0.030047556825112558,0.0006568480668653914,-0.07507121650276624,-0.12624207134439977,-0.1584252255536421,0.1360604339833958,0.12296373784874928,0.08257156615594681,-0.006296476983672999,-0.00410370225229808,-0.07371373398937212,0.10577174559402454
2018-10-24,0.018996258006956007,0.04823939548618361,0.017911315914259877,-0.0030934035840109128,-0.07785889108045026,-0.13752300847770266,-0.16882585291728402,0.13812419390096156,0.12183522028718463,0.07457263831947294,8.598052540908572e-05,-0.005216422842043559,-0.06961282843762279,0.11810459022045817
2018-10-31,0.024851670944067646,0.04770814536826721,0.01246630265600078,0.014641001603669289,-0.06766238657689494,-0.13521662207880417,-0.1654531948862042,0.13945201619419684,0.11982383864036601,0.06675729856283377,0.019507622002154307,-0.0036735290214037937,-0.05653477796393095,0.12625159350120616
2018-11-07,0.031181912315977587,0.038198983029464666,-0.020068694613311282,-0.007864790586108386,-0.06183885219700854,-0.13947826542613329,-0.16684407971121176,0.1494799243292468,0.12163059292017625,0.0452185058302904,0.04125167736384294,-0.0003620169599709984,-0.03082542763929123,0.1457562770779659
2018-11-14,0.0270976959205222,0.026406573823074948,-0.03999105264671007,-0.02387495763314157,-0.06529809272191063,-0.14162754809200903,-0.16582705517736937,0.15524689263368444,0.10803844844684259,0.02648083876462764,0.0435720441270445,-0.0013107490844958705,-0.024953057855987976,0.1502749930725793
2018-11-21,0.02981015560401554,0.017781118873138227,-0.04983690705495759,-0.05059606803590376,-0.0709794986916827,-0.13881079319771647,-0.16212368417151748,0.15959233252908456,0.10640638818542957,0.01577775121542113,0.036323272025692424,0.0043429157124720615,-0.012768041008907558,0.14485107369406083
2018-11-28,0.029067759798719155,0.012309292510177289,-0.04995222027602746,-0.05867261844803281,-0.0835374079003647,-0.14589229139073454,-0.16745827381426,0.15818071300451286,0.09518946047045046,0.010329938325008293,0.024489194674645796,0.0036639456929212855,-0.024895339807197443,0.136361543886948
2018-12-05,0.0284548570498947,0.008105084376716322,-0.05965880883411661,-0.06894979581468373,-0.07876452967359127,-0.14636693377240054,-0.16418496932361962,0.1649566016746858,0.07927573555871145,0.0007667509828183657,0.02888509621322194,0.016523746661710855,-0.00593027130549775,0.14917681875833116
2018-12-12,0.028614028849391505,0.017327984296419043,-0.04426580217810686,-0.05370035693834383,-0.06953063660665729,-0.13971153789552854,-0.15726078807999685,0.17722567953993099,0.08011836205336277,0.01307360443550219,0.030437602090080795,0.03102661926932981,-0.015907724989931777,0.14179927277741758
2018-12-19,0.02694371698396062,0.01963409979509273,-0.04716965140902207,-0.05149120424782424,-0.07641856183668352,-0.14199503999673946,-0.15708987747198877,0.1777799457212518,0.07111666948251144,0.01092532554058599,0.022596420646486322,0.03724663444528154,-0.02112483496235223,0.13846801746021936
2018-12-26,0.02546249554129338,0.023836950077056617,-0.04372459740427531,-0.054972835286544945,-0.08663658590924528,-0.14473211453188223,-0.1584831568611282,0.17095098307140905,0.06436453114060266,0.013920501442795627,0.016107047334692072,0.03588794616624891,-0.024126898113437364,0.13679335711938834
2019-01-04,0.029866033895218823,0.020350880973022192,-0.041339178487815806,-0.051592361987295006,-0.09046317193378407,-0.14687504239855004,-0.1610749842770087,0.1669374236569372,0.06522745711330251,0.011523991598154865,0.015279756709013576,0.033833044043760314,-0.03404963918709755,0.13158703373903952
2019-01-11,0.032715974915091886,0.0006066545247873833,-0.054370071361696005,-0.05727017892210865,-0.09472629500318837,-0.1451798300870925,-0.15752532284135273,0.1746090005388288,0.0646051171955723,-0.002872699198211714,0.022111023212038942,0.03951238247923494,-0.020246427704579878,0.13364902201621592
2019-01-18,0.031251669808930786,-0.002622402508043717,-0.051423559901712414,-0.05190294870930577,-0.10055028146166875,-0.14989148796739216,-0.16120409541108047,0.17352067024462908,0.06335100289086201,-0.0034521360061714568,0.017086476341750614,0.037354456959630224,-0.025527901401028036,0.13086091038779457
2019-01-25,0.030077586136129465,-0.004128583067276098,-0.061429514757766125,-0.06322829994962566,-0.09387482888724956,-0.14721770779946028,-0.15449678053852134,0.16500476333945777,0.04580354486355466,-0.015431841695290193,0.018138078627429985,0.04163380071474701,-0.025327904873838496,0.13420676474965337
2019-02-01,0.029095766710094183,-0.0006460124263175667,-0.06507446777479182,-0.06272701395111295,-0.08566507284709983,-0.14548981793370938,-0.15087890494414233,0.1654681762616695,0.038581679015481825,-0.01582660051689258,0.02844353088206044,0.0454066433361669,-0.020850761495787264,0.14584555190467344
2019-02-15,0.0373904034701408,-0.000722039642749405,-0.0690943482499334,-0.06475234168954584,-0.07004608058131855,-0.13513300569001532,-0.1410053081187385,0.1735210910290555,0.040321772592621534,-0.0204477043623505,0.04167236931425282,0.04836519309618226,-0.00500952850803115,0.15251881365506464
2019-02-22,0.025316091728008465,-0.00562048546194383,-0.08851398170132396,-0.07913708412151521,-0.04924330780603957,-0.11456091890085923,-0.11805624909304355,0.17088679940160778,0.029719735595439247,-0.038765457398285554,0.05345626012219916,0.0546912497504792,0.019849432236613902,0.15218294668264165
2019-03-01,0.023534360913399353,-0.002422899699391748,-0.10237892938277159,-0.09820253344139847,-0.03998217711690246,-0.09451743073785421,-0.09798668005150737,0.1597202025736192,0.030670751773985698,-0.04538026124008674,0.05767603486990627,0.06014152654886992,0.04268455838472463,0.14470165326558243
2019-03-08,0.0256183090281853,0.011829435559439008,-0.08923683093672745,-0.09458967392468544,-0.04288517753191699,-0.09978018608872534,-0.10369331245655819,0.1649793868801414,0.03863642669237187,-0.027865058682634444,0.055126694189245734,0.05878784839238146,0.04087319032641785,0.1460984693105693
2019-03-15,0.024700958370039498,0.008970320922414912,-0.08010281820998974,-0.0922505279072393,-0.05304245270479523,-0.10928584919947244,-0.11213607969133951,0.17634489511203594,0.03386481274455944,-0.020209432643816572,0.046896165334790164,0.060993826722897986,0.031137482773622487,0.1500643776629868
2019-03-22,0.030725608543488568,-0.013327960266194473,-0.08887780200550184,-0.09165556044826435,-0.06930798349597142,-0.1292085067795968,-0.1283154342199431,0.16591279594045963,0.011956079055417493,-0.041342083902556705,0.019275108777382487,0.04983943311931533,0.012505909304355517,0.1477497341415523
2019-03-29,0.026737198080055393,-0.015264409583761742,-0.0949294207283258,-0.08679014320517578,-0.08245525242455932,-0.1422508728203126,-0.14104278002080126,0.16167293808446412,0.009842613844887608,-0.04697315301222127,0.0015555614589685366,0.041626067607378296,-0.003783760894016173,0.145075828235072
2019-04-08,0.027153348563785693,-0.02157557526067765,-0.10678373091153345,-0.08166792901245656,-0.07265512594170026,-0.13897865016662136,-0.13507749535032587,0.15300080540735428,0.0019972262687146095,-0.05841147101898172,0.005174892867388861,0.03779841676393041,0.007434713063886239,0.15229061940264296
2019-04-15,0.03138184242297595,-0.03377895053160304,-0.11504087196250264,-0.08539987712170898,-0.07616307709294776,-0.1350330399144114,-0.13042913884459217,0.1331599117606874,-0.00259960480553424,-0.06977077000330165,-0.013316905264278584,0.02733915200599555,-0.0019475290898492172,0.14463932917961136
2019-04-22,0.03318724289148518,-0.034025264282632334,-0.11687401811347341,-0.08453683836794854,-0.0865334998276693,-0.13203003031295943,-0.12717363349160046,0.12152282751574753,-0.0010714591945995698,-0.07060750090654155,-0.024354029526148818,0.02241012532062819,-0.01294505741252809,0.13272847283603753
2019-04-29,0.03327045907664012,-0.032468488375590805,-0.11607124128271774,-0.08543247680219644,-0.0854283038147196,-0.13138285079004058,-0.1268790077483275,0.12109236394108737,0.003007701092601031,-0.0684097047606767,-0.02415159127203149,0.02253170939052503,-0.018018919150340287,0.13185518250250527
2019-05-09,0.02416308767989156,-0.030202681789424875,-0.11267439893072928,-0.08563974038584281,-0.08800733251227623,-0.13415107968107493,-0.1282403797527636,0.11039129391958556,-0.004752857355268458,-0.07126349168301127,-0.031023847756104585,0.018300602189019084,-0.033130394288945916,0.1280588120760618
2019-05-16,0.024037128444981824,-0.03667560777347428,-0.12553672206559932,-0.08677113987414446,-0.08166598042399859,-0.12749858179444595,-0.1205552095749938,0.10959328206217196,-0.007884879957855997,-0.08242388165593267,-0.021161833551310315,0.018992336899630483,-0.02548756812896203,0.13171584779249826
2019-05-23,0.027255758543613194,-0.03686721874376662,-0.12188421568342354,-0.08944492072301179,-0.08439276163906657,-0.1284768094572925,-0.12128730106960915,0.10869739417144526,-0.00727437310411214,-0.07840613520805857,-0.023455933018904362,0.016163525256360438,-0.02711800581792183,0.12927564756341398
2019-05-30,0.030248409443168436,-0.04272328016753054,-0.12536194017585495,-0.0900886984272322,-0.08069715644872762,-0.12525285142833822,-0.11611547947650967,0.10378927135832329,-0.013718726278568263,-0.08285287317850575,-0.01983844080350013,0.01754155304920576,-0.022627150301947927,0.12914416946258722
2019-06-06,0.02857419439739957,-0.04287166082777243,-0.12510972026320363,-0.09437522686745344,-0.08163682576811615,-0.12249594584394213,-0.11267805008058267,0.10141527384246511,-0.014810127339643698,-0.08326464072134072,-0.018887272428202533,0.020155869578135536,-0.028335556253602977,0.12538963578813944
2019-06-14,0.027540280842956916,-0.042737852518487766,-0.13258810453225062,-0.10308922066524043,-0.08267942176065891,-0.11951099198822071,-0.10941761782153364,0.09353382831256321,-0.01777168529248213,-0.09023184568475845,-0.02094825484618778,0.013676681005843506,-0.02074454519085858,0.1255296695379575
2019-06-21,0.028254961550144165,-0.04342702917469721,-0.14142253987215425,-0.10381714345853563,-0.0839310134175312,-0.11555841722012342,-0.10576143036397088,0.08858157228953037,-0.018068310372479114,-0.09482601924327985,-0.024912304875567254,0.01235315956821122,-0.016571352199647074,0.12251474639412817
2019-06-28,0.026334753420673648,-0.044227501720724774,-0.14704113815432276,-0.10121823546631985,-0.08249102623473235,-0.11400423425533177,-0.10407862499049743,0.08670073661141714,-0.01992634756549292,-0.09991559793186387,-0.0241872543193315,0.009777455161580956,-0.015589692843697815,0.12450740132401335
2019-07-05,0.028022244921081182,-0.042261205730693335,-0.15466998741283514,-0.10552923264067816,-0.07655800663005104,-0.11059481019280239,-0.09922336861110607,0.08812379431600184,-0.023482405995847083,-0.10355731427502399,-0.017753903405452097,0.01170926748135323,-0.007196493369870673,0.13131796501720375
2019-07-12,0.02646856999568422,-0.03457976616559532,-0.1474300442195571,-0.10254371272230875,-0.08259588211579008,-0.11261697061522219,-0.1026838119777739,0.0909536386857589,-0.01835900533375148,-0.09533900628222039,-0.026302693982028804,0.015010000768249031,-0.015381537155449878,0.12973535998060992
2019-07-19,0.030420921256912467,-0.03167186166197914,-0.13878972636489179,-0.09916235883207801,-0.08777680220971949,-0.11739190792140816,-0.10639420484841354,0.0865869559275189,-0.019916888912320182,-0.08854936637312158,-0.036772094844736314,0.009060603210106172,-0.02337533810430027,0.12413096953249396
2019-07-26,0.029022756293176633,-0.03386674162348407,-0.13546355963324877,-0.0965077769196448,-0.08907868123603246,-0.12149147748557693,-0.11134793373399826,0.08593379358612183,-0.019566883335173334,-0.08686916321025077,-0.03884420652420172,0.0035519253676705924,-0.02608771859795672,0.12236738245346307
2019-08-02,0.026722545868444105,-0.029244214460381612,-0.13108230311026012,-0.09964433333116408,-0.08989535550668364,-0.12373337419511411,-0.11276623306745549,0.0854357370658497,-0.02436320889407101,-0.08588233173809,-0.03838284691817352,0.0026795571141199513,-0.030072192904187483,0.12009576582600513
2019-08-09,0.02614572708579655,-0.021663450479843974,-0.13304142479923284,-0.09015587602890024,-0.08900977610269564,-0.12606557715972821,-0.11549201446843543,0.08807823319987415,-0.019666463902815574,-0.0820408789822976,-0.03315582954244583,0.009247714470627059,-0.0386750538643214,0.12756197991298546
2019-08-16,0.029228540368280445,-0.030011103502668546,-0.13770297132791776,-0.08782192096907156,-0.07818002166789624,-0.12081946285579961,-0.10788837441217208,0.08539682790723777,-0.02469756985741303,-0.08908123729208375,-0.020957118809503062,0.014987757424842324,-0.03595131092853371,0.13727578267658022
2019-08-23,0.0277433027072849,-0.04031403087056921,-0.15226697394825867,-0.09434216162870139,-0.06225880549410755,-0.10987427554764037,-0.09204135346289054,0.08050553820519797,-0.040180278648776775,-0.1071246411513413,-0.01102870230918527,0.020006125986752738,-0.016157795946545792,0.14615601409274756
2019-08-30,0.022145131009872344,-0.028896535541584344,-0.1447761310990375,-0.09719004016210872,-0.07050389582877546,-0.11661678844980414,-0.09964503440058249,0.08600969899878802,-0.03444383797131269,-0.09721284119838489,-0.017529276673672885,0.02036367944033575,-0.02372896921932114,0.14093814000641972
2019-09-06,0.02062054223616944,-0.035766867270934234,-0.14994810294777472,-0.09858125173629724,-0.06497679819525604,-0.11194286084955872,-0.09441171614781194,0.08449990456892063,-0.03779751128150666,-0.10293640917047302,-0.01429671832627444,0.0199456552576471,-0.019596875903822773,0.14467878610755308
2019-09-16,0.015271469272150201,-0.034762781049939906,-0.15135449489915465,-0.10616052249044979,-0.0673956372718416,-0.11163226091270649,-0.09247909440826728,0.08743165991652332,-0.04412539533065316,-0.1042941730806629,-0.021235191372715585,0.021889526296666528,-0.002504628775984659,0.13946316492228406
2019-09-23,0.017588827996786325,-0.041145530795055625,-0.1536271881008114,-0.10807392172096507,-0.0611440479387718,-0.10662024448345703,-0.08710121276904725,0.08404240635287868,-0.04602432932891717,-0.109411573821041,-0.020663518714523064,0.0222698112054971,-0.004304174905506569,0.1379832118667418
2019-09-30,0.020790923202296318,-0.045550535447528594,-0.15500378046931243,-0.10226191474885064,-0.055952437689228134,-0.10524408819630925,-0.08373710941433296,0.08151125009330264,-0.051974437037881065,-0.11181224697043618,-0.01876753053222956,0.0237832526797588,-0.004332811892238607,0.13927768162629497
2019-10-14,0.0192888877149989,-0.04852883303213945,-0.15603910145888938,-0.10455354942470023,-0.05753819528930746,-0.10243721315713639,-0.08108375203749778,0.07899830869228996,-0.049368241807000314,-0.11219903995474477,-0.02329634338935655,0.02385569976721812,-0.00810148143853505,0.1347113528361857
2019-10-21,0.0210188621403171,-0.04432781257883839,-0.14612150961431858,-0.09852538505858316,-0.0662984542295406,-0.10626490853732082,-0.08608362680352788,0.08544756709256399,-0.04574462140495803,-0.10115150369575991,-0.03385210055709696,0.0250336818208725,-0.01527290778626219,0.1248570586800399
2019-10-28,0.025084496710579732,-0.049875704503384875,-0.14890499609029764,-0.10649909356800587,-0.06243003247956915,-0.10065954604071445,-0.07959328751203122,0.08082328166770249,-0.04937972860028788,-0.10539178944182652,-0.031208000831216852,0.024451534497957568,-0.006752199226932566,0.12894630882949293
2019-11-04,0.026780838471540655,-0.05263463075159572,-0.14821968758505505,-0.10567826378533214,-0.06397147030756295,-0.09988822336483978,-0.07933996534853097,0.07878828856816843,-0.05026740736061922,-0.10568381098800383,-0.034425374595841204,0.02113243995643068,-0.00494409943201978,0.12824549948445965
2019-11-11,0.0240964867308856,-0.04743015245762347,-0.14359479212247214,-0.09839478235438327,-0.06938808457816487,-0.10464143458584241,-0.08317586966862399,0.0801112197372444,-0.05329901960468289,-0.09856284812923616,-0.04031657076712357,0.021268870960138367,-0.008533950921133817,0.12718591738244528
2019-11-18,0.023306318462107962,-0.04464757679053366,-0.13551253848880507,-0.09248745988891395,-0.07184993249016368,-0.11090067353063897,-0.08929047290477299,0.08014120300178598,-0.05297861948364633,-0.0908826954703502,-0.04626050609228981,0.017583576627983988,-0.015835012013514168,0.12832341475449327
2019-11-25,0.02345810940232217,-0.04100044224993312,-0.1327011697391258,-0.08568274020604788,-0.07544867831908135,-0.11341618673050323,-0.09196105805867916,0.07720582523707203,-0.052844284312846074,-0.08552570311818351,-0.05204858237759626,0.019065247952002914,-0.0197763029632455,0.1298656693333609
2019-12-02,0.01837024694475382,-0.04319414508450995,-0.12797461302104723,-0.078676378750874,-0.08200526167870405,-0.1176579383613401,-0.09658557408865891,0.07125299608184507,-0.05363722817210545,-0.08682870954470429,-0.05991314268913083,0.012257545082577766,-0.028449656194028134,0.1231965643057203
2019-12-09,0.02227812114828118,-0.047918037577111626,-0.13664878842897296,-0.08166881074894541,-0.07539128534436727,-0.11310087236414233,-0.08853886408815301,0.06601496519092932,-0.06332438899081816,-0.09446540414360378,-0.055078969086527464,0.012693183446080874,-0.014201468432716082,0.1286768410093505
2019-12-16,0.02136209077829724,-0.047140358631126415,-0.14834076109192285,-0.08901112759555334,-0.07115160737575615,-0.10614315453398049,-0.08067401332422774,0.06285728395987744,-0.06447904703428933,-0.1035499532487229,-0.052859129937225656,0.017293522216159412,-0.003462578063136779,0.1316753722097243
2019-12-23,0.023998087124393948,-0.05245060452338394,-0.15480199857154248,-0.0948104689742022,-0.07286062762120696,-0.09741616985034225,-0.07285101008860563,0.056023892899280864,-0.0581351206740119,-0.10724887355222923,-0.054489458524767845,0.015783924283361127,0.009711507589658847,0.12941825572301288
2019-12-30,0.0263690948037782,-0.05763676145244531,-0.15338573319481275,-0.09467172802513005,-0.07085100790404755,-0.09356497405348507,-0.0677915202864056,0.05472269225346019,-0.06305168657954667,-0.11037196408055693,-0.05293629102102648,0.01522098220752178,0.01336789391313794,0.12605767022464534
2020-01-07,0.02956687772829995,-0.06453904135000191,-0.1577174154081449,-0.1020120639682022,-0.06545659745069417,-0.08471999275119375,-0.061147102915589266,0.054150642672734166,-0.055490927994549036,-0.11378550594587815,-0.04952387517507988,0.015582448859937198,0.02147652006136768,0.12483098771832771
2020-01-14,0.031487992286445776,-0.06696486357356436,-0.15857391564412357,-0.10568863425623491,-0.059794182538617846,-0.07686221972521436,-0.05126730932356348,0.053685300983329014,-0.06364654149454158,-0.11618025160776363,-0.04789517205040634,0.018537393047428997,0.029790832153032343,0.11962539131573377
2020-01-21,0.026549995659576955,-0.0594671377020358,-0.16259010870351,-0.1117218229461315,-0.050422438065827795,-0.0736503436102938,-0.04587203878351443,0.05199713550423662,-0.07057000410754212,-0.11626287490573688,-0.04544280365354857,0.023511970344647595,0.034272336141505724,0.12766898987189204
2020-02-05,0.025384169753029536,-0.04740629323336497,-0.16446223897647952,-0.10986504931470224,-0.04754245638025795,-0.07685524971168427,-0.048155326797562695,0.05351947723748924,-0.06886301901957785,-0.10962625633573411,-0.042423703338661724,0.03063294589542467,0.034775040208363375,0.14048877379766783
2020-02-12,0.02844798918957244,-0.04965549875754136,-0.16911260157367575,-0.10128422329611847,-0.033285214540120074,-0.06526989881414921,-0.03499295511884663,0.06950364934801147,-0.06594574085159492,-0.1056182704314075,-0.02683387674942615,0.040654128053403814,0.05921937034814102,0.1501765829279911
2020-02-19,0.034942152390066296,-0.06524627208842516,-0.17002810762194245,-0.09730377375560155,-0.01912572220706183,-0.049474654238797405,-0.014886439552175798,0.08046179387640488,-0.08285057160960596,-0.11458981753736347,-0.008494811242545978,0.04652951513482042,0.08370531821433942,0.13236105053084954
2020-02-26,0.027638688319789707,-0.06148297090993461,-0.17916754003949487,-0.09718295108146023,-0.010369149849895435,-0.03438621319909485,0.004855883662089301,0.08918735565307541,-0.0908634592661246,-0.1266103973696452,0.0043443567335556795,0.05585903295577932,0.10365742530256028,0.11439457565750065
2020-03-04,0.032140082708668354,-0.051859357142357274,-0.16782794226076472,-0.09138470556944553,-0.046921929790839555,-0.06546795651070422,-0.027968507962823116,0.0803369886539897,-0.08642688328804636,-0.11252754419670431,-0.026927410187027108,0.04004467730877021,0.06178832240597938,0.10837769201388028
2020-03-11,0.031773874458955416,-0.052988262605871535,-0.1485926320626017,-0.08985923928212304,-0.06778344465462151,-0.08368054166607533,-0.04961004459904151,0.08362696848693289,-0.077604710163203,-0.1000568112802112,-0.04714517137101736,0.03676524799413571,0.025283239088616384,0.10522981228659346
2020-03-18,0.029333222461941602,-0.04740788600370744,-0.14105425724606624,-0.08758515088542004,-0.0771737669530785,-0.09218975667733963,-0.060453461042821496,0.092209131501241,-0.07134015403298988,-0.09534747313800586,-0.05878395146035539,0.03908625743249649,0.010125599536999515,0.09790993162753699
2020-03-25,0.025279731358552163,-0.048701617854086415,-0.1345807117299701,-0.083100485876743,-0.09013802727662318,-0.10344752476503585,-0.07403961199578395,0.0775894251261609,-0.07274377177454891,-0.09590957892807,-0.0743564460646511,0.028552797594212642,-0.009138574388605275,0.08242169526695657
2020-04-01,0.010860937082509705,-0.03378154573006378,-0.11881329039593003,-0.0800915137373658,-0.10490460882268532,-0.11505922933591908,-0.08578337299053976,0.08381891439927056,-0.06954441906439437,-0.0802585637229825,-0.0788422845473842,0.027489657057731848,-0.024850604586992994,0.08590105852622996
2020-04-09,0.015857400389630297,-0.032978112234092624,-0.12972201477074446,-0.08112336286176702,-0.09924971791249615,-0.10826038803655066,-0.07900192725507461,0.08310938115607551,-0.06489093828584035,-0.08800033003742169,-0.06572997468042843,0.03308994281933805,-0.017732476573226335,0.10125403298731385
2020-04-16,0.01183135384526858,-0.04045081048639439,-0.12455060772361576,-0.0818284297023462,-0.09760517126191526,-0.11076041609602706,-0.07960953582675163,0.07991154285634143,-0.07543869528132545,-0.08819530084797192,-0.06144098938974071,0.02566669599780684,-0.02165336020947876,0.10105709047501604
2020-04-23,0.011356257874945456,-0.0411116150009795,-0.13709997288315393,-0.0761719547546934,-0.08828845231390436,-0.10330674118964164,-0.06694510456710814,0.0821378159177958,-0.08907958508205928,-0.09341304565977007,-0.04467348063670441,0.03797555636224516,-0.010571955790371169,0.1178684619666279
2020-04-30,0.01100287949798679,-0.03656350822096192,-0.125522274006163,-0.06097942350443938,-0.08922876397907525,-0.11571661865273519,-0.07812496640186727,0.08815461321954322,-0.09266786026900528,-0.08300455229098881,-0.03524094560439367,0.038978830239146216,-0.018377004892692353,0.12643775922100178
2020-05-12,0.015158217632470735,-0.05549986056918449,-0.12810589278836315,-0.06770212435661546,-0.0699085973039396,-0.09976962625674286,-0.05728290957645071,0.07814812270946213,-0.11526554306448111,-0.09137033644488587,-0.01899154668338686,0.044767118659532604,0.019656498695058963,0.1383736052594255
2020-05-19,0.013197300112074619,-0.055715303523839285,-0.13467087411242662,-0.054647975373566575,-0.051298229425053805,-0.07128850089803748,-0.020335955370306177,0.08137455946008051,-0.13683972570018516,-0.09023583782083641,0.012146516079548001,0.06185610215864433,0.06092657443090957,0.1554665455344914
2020-05-26,0.014984420489587091,-0.05764533082704553,-0.12003461372975324,-0.05369900831616115,-0.04970058300347836,-0.07681398223621293,-0.023161293608555227,0.09246340509448538,-0.14067979315637053,-0.08153589330002071,0.005174568202635762,0.07603403285235073,0.06107792351897544,0.146995151664368
2020-06-02,0.018301271779279264,-0.04197292678875648,-0.10519047407623047,-0.0669916377490035,-0.06199142720997305,-0.08937328566907533,-0.03958762265355775,0.09769035891245416,-0.13022712831863878,-0.06919251241192463,-0.010579039557515883,0.08133375663255699,0.049114090777786945,0.13845446746324672
2020-06-09,0.020304740235141634,-0.05674349498480881,-0.1023187111248281,-0.08000410666322504,-0.03580278488410375,-0.06606338942166594,-0.014233428940722567,0.10181756219754604,-0.13155403986128644,-0.08292893800946946,0.006095587169673961,0.0950430694257529,0.07846682358852454,0.12862332349325065
2020-06-16,0.014837365357299985,-0.05822926541285664,-0.10291228947632294,-0.06615383894677516,-0.03885247435748326,-0.07785813528901071,-0.024678000452528673,0.09360402145361567,-0.1364480306454203,-0.08521091682985513,-0.007262102798235929,0.07815194086345562,0.07419010623315044,0.14161151188398957
2020-06-23,0.023592414268407597,-0.07218823648564496,-0.10968695170658777,-0.045786997087236256,-0.009127627173956177,-0.0564175048543956,0.0030199103152316687,0.09709393350706738,-0.14784105543738998,-0.09005562042103354,0.01449922676050324,0.08653792358479881,0.09926679464333167,0.14488580375441534
2020-07-02,0.024933016914645136,-0.07356075154845368,-0.09382083252769961,-0.0247815578838608,0.015627609346840404,-0.03375112652733346,0.02331371519151497,0.09028708565277747,-0.1450879342550824,-0.08247284297757057,0.034688980493606476,0.10009088239189193,0.11106859457816347,0.14651506971055975
2020-07-09,0.026672008289783493,-0.08891768920222208,-0.09408883509325146,-0.05027011505866531,-0.004955820449421604,-0.03064792331709478,0.02291546968313424,0.09611637446167408,-0.1377472023064998,-0.09008776220258703,0.009016730487888616,0.11282183845672279,0.11389289644321182,0.12184933454784307
2020-07-16,0.039408355483844935,-0.11996625876263298,-0.07838052333647096,-0.041152847564227664,0.000348471338949456,-0.008830591817541257,0.04619629699124504,0.07828303469482505,-0.1463144065526641,-0.09522478220380524,0.012004064849358514,0.11109064558372748,0.1234342270326049,0.09936549378810233
2020-07-23,0.04269624312236086,-0.14097194528598217,-0.08848453665428356,-0.04747449066256393,-0.019621315186409458,-0.03373170926248821,0.020709137097108275,0.08285288239609588,-0.1418729758632996,-0.11437596218733125,-0.003124525832113267,0.09257274461000405,0.09226002130747613,0.07925151053248351
2020-07-30,0.05167667438452149,-0.14010222441101267,-0.0874252392569091,-0.038148397136032644,-0.018415890190471254,-0.04072864970451023,0.014176889001810748,0.09082642066154109,-0.14348096111281036,-0.1127240531620432,-0.002866724219602309,0.09025174371670677,0.08481833292222593,0.08435780011980223
2020-08-06,0.05489226604665618,-0.14202738705866344,-0.07928310312758045,-0.0227835410787963,-0.0018143936576571888,-0.0178885367880627,0.03591702827110293,0.09370539088701998,-0.13760425623800593,-0.10942940401043375,0.010930302462756556,0.10652191103854887,0.09988115923910333,0.08732132009561255
2020-08-13,0.06513041532815403,-0.14541639014925162,-0.07926807317843208,-0.03914107574895805,-0.024722073425223447,-0.03130045151333775,0.02063895430222189,0.09840273980732377,-0.12973916234185384,-0.09830243223936404,-0.012504558776943597,0.10147424873720784,0.07686184036369764,0.07709758408803043
2020-08-20,0.06459013797582047,-0.14077290487924102,-0.08427388603387084,-0.06577070620155208,-0.04313416699789828,-0.045286680824533826,0.0014730068044840267,0.08701667056827872,-0.11778209872734988,-0.10528609756123374,-0.03428958940871609,0.08012894138409654,0.07086757643341954,0.059327536199504954
2020-08-27,0.06030483147003295,-0.12387195046842579,-0.08562430671766161,-0.08067101675599879,-0.057937427091568,-0.059776053104299426,-0.02161858864378403,0.08423665325708356,-0.09442954948754777,-0.10002099756504841,-0.05554472155107413,0.059226641365346805,0.057969853027183584,0.05876740949494512
2020-09-03,0.057610675078297494,-0.11140508740545857,-0.08712685702414122,-0.08274501532972055,-0.06907635807835559,-0.06932307507131004,-0.03476569493104898,0.08383618829872878,-0.08326097180989926,-0.0975225616500382,-0.0615214972898886,0.056301639107321416,0.03585363734064184,0.06965074158514951
2020-09-10,0.06420252335516113,-0.11373145162307043,-0.07822691128626859,-0.0871264988820059,-0.08157697849232419,-0.07592926472167427,-0.046998445578463825,0.08552654225113737,-0.07572517920281441,-0.09075417105225037,-0.07330162704752642,0.05354829151976738,0.015096687782945399,0.058255427204590315
2020-09-17,0.07109562782634092,-0.11721205038026929,-0.06986478666251124,-0.08144795344772111,-0.0834000365438431,-0.08659917945285822,-0.05888992129930147,0.08981152815535773,-0.07353184429693355,-0.08864338643575688,-0.07277582589353901,0.05165373207657722,0.002456284598944234,0.05261784293004601
2020-09-24,0.06950165318768162,-0.11193928259873881,-0.07212644199867903,-0.0731487574944569,-0.0829465596689704,-0.08674296300678265,-0.05965324310939785,0.09076938070316418,-0.06883306367330873,-0.09116091490399131,-0.062012230675513015,0.05995810538295547,-0.0076646304317770355,0.06354277316458298
2020-10-09,0.07484354317773802,-0.11596434578489145,-0.07285368417918792,-0.06564599083996729,-0.08139510756206535,-0.08787025512423097,-0.0597570138285718,0.08188529236930876,-0.06686230547981281,-0.09214495394615631,-0.05222695706897265,0.06706610448897815,-0.010162676495101958,0.07132176965501669
2020-10-16,0.08469498229188363,-0.12454356650261621,-0.08343196231934213,-0.0781599804694451,-0.07448325534190797,-0.0759741086442917,-0.048418898356082374,0.0839500403649019,-0.05590795489001946,-0.09983805160620854,-0.03798627235361384,0.07151520922333081,0.01374668297470431,0.06734903466165189
2020-10-23,0.08553563095030667,-0.13742576675632026,-0.08383443681661869,-0.06888448667666987,-0.06339499407690498,-0.06430089068896848,-0.03451987420078614,0.08396054997913321,-0.0714037057561028,-0.10928640576168847,-0.023087317866628647,0.08443746596152316,0.021690735575233197,0.0682377389331156
2020-10-30,0.07619755358972037,-0.1384220227466328,-0.08945452711953118,-0.05751321603796625,-0.06361930508397161,-0.06600474968547401,-0.0370222011410579,0.08705254896850961,-0.07236000758443885,-0.11346578327299452,-0.01570812989034034,0.08823079182277817,0.016981056865855593,0.07796810619072883
2020-11-06,0.07806607448721274,-0.14733849075162767,-0.09523866564358745,-0.04361460815822132,-0.030210972249358946,-0.03817477929661289,-0.007755752754594226,0.08641540855372468,-0.07763442250506673,-0.12549927802702926,0.026972254559669208,0.11073918832083787,0.04866409591319118,0.08367600877926588
2020-11-13,0.08205093148376746,-0.14597878801325606,-0.09450405544345371,-0.046133763504461904,-0.035325833152992064,-0.036235789198901525,-0.006523130059228052,0.09786263425409591,-0.072793558739082,-0.12435266431274972,0.02528829620653348,0.12473054005526342,0.03630229118104806,0.07191772439516673
2020-11-20,0.07806349329961411,-0.13621360932778215,-0.09300626885446046,-0.05585961677959611,-0.050242670731522644,-0.04664868727332488,-0.019794810079472147,0.12056292336253792,-0.06237611120234265,-0.11948884900709775,0.009280703064813468,0.12727258739875874,0.02018559302201121,0.06100407659666591
2020-11-27,0.08000975612211617,-0.13939729843636803,-0.09651232486474691,-0.06479729927662602,-0.05709903880085594,-0.03575325771960745,-0.013067044939070694,0.1289875915715414,-0.05444743975961319,-0.12302942503313355,0.0042790309942930755,0.1307624177194698,0.022654052595892267,0.04920402216666546
2020-12-04,0.07346105490266953,-0.12529576101965073,-0.10136096762781951,-0.08475270912244498,-0.06974948224706407,-0.04404794326917869,-0.02524520597054807,0.10929886289773337,-0.04844523384813246,-0.12021535748725405,-0.02420649760932245,0.10687927657398913,0.017414431066331403,0.04962721635786163
2020-12-11,0.07686502673850466,-0.13384711269771649,-0.11248205827650601,-0.07985192976538524,-0.04453018785436812,-0.032412998810328844,-0.00991922239616037,0.10155999885275983,-0.05679251880104099,-0.13391200244631588,-0.006546641946946029,0.11587456458846003,0.03271624350000478,0.0626894933255028
2020-12-18,0.07761467994934126,-0.1269545288365611,-0.11047187660324775,-0.07059946360188153,-0.034774958491668805,-0.03949830345187798,-0.014777967266575584,0.10573648027475964,-0.05894933091749518,-0.13277993374791536,0.004045706171031042,0.12724647210109513,0.02009072570441652,0.07645957288213291
2020-12-25,0.08188070293139273,-0.12683504958628186,-0.10658711504573848,-0.06438834797863187,-0.036516255140817445,-0.054232894890746244,-0.029279047417360485,0.11300758341469071,-0.05182349335592773,-0.13123207672390955,-0.004313511898523487,0.11954539107326725,0.007027594922678932,0.07333093562003325
2021-01-04,0.06996974725530256,-0.11918710495741404,-0.0965418104224756,-0.047366958683345346,-0.0395366288358005,-0.07440077235329952,-0.04579984873736191,0.12048894300635482,-0.0632158757039666,-0.12293328465945731,-0.006744856473227901,0.11096517952361248,-0.012598917890307674,0.07025007149807404
2021-01-11,0.08104041758997459,-0.12778330844000343,-0.09703911475166394,-0.028459090924575308,-0.021911037808408106,-0.06834842335782763,-0.032065392143024785,0.10563532940658359,-0.08078236229902526,-0.12674464098515834,0.01461945731230841,0.120431624755552,0.006621695075507814,0.08851810515038674
2021-01-18,0.06897663403618173,-0.11819715391879532,-0.10404536940840504,-0.03332117363274021,-0.03645656713164623,-0.08027113910606573,-0.04626613608200111,0.09808741432056431,-0.07155747732691276,-0.12404592397495877,-0.0021459531404835505,0.10185814708031919,-0.010236263174144934,0.104534647666781
2021-01-25,0.0647830397657803,-0.1113621906814326,-0.10268804292804164,-0.023842810613910307,-0.03839000836530981,-0.08379013779780065,-0.0501988430654161,0.09592744709282948,-0.07121247164190445,-0.11976317797677016,-0.0013811891519213565,0.10340757648307691,-0.020933114348320875,0.11231995008748509
2021-02-01,0.06722757834887748,-0.1082596496425424,-0.09308759788892547,-0.019462479051558,-0.04519862483572672,-0.0982798734385492,-0.06799311851759643,0.09442576832571856,-0.05569364367503034,-0.11129489877597526,-0.0017531638970402763,0.09079940371994559,-0.02956797017488925,0.1169562297076249
2021-02-08,0.06422214423206107,-0.10267158208689471,-0.07970822330609388,-0.03067202948456126,-0.060303506026247435,-0.11011822000127623,-0.08753589482808795,0.08892896691140822,-0.03840825543473123,-0.10057193383026171,-0.01942333437536936,0.059114184945476725,-0.0481980875095588,0.11012363702797141
2021-02-22,0.05931543494197631,-0.10043052820412914,-0.08475164440034934,-0.04673610175316325,-0.06620683127795857,-0.10807247270403565,-0.08589638425886048,0.07930985995698257,-0.04413621624060344,-0.10321830053940419,-0.0362228958859162,0.04438774491280494,-0.04165524135709778,0.09966034356671817
2021-03-01,0.040524642346173465,-0.07788479600676615,-0.08225325010632556,-0.06410927249701345,-0.08690732775447092,-0.11399258766880123,-0.09883028125442488,0.07843105150082955,-0.026054652442183853,-0.0880445270745403,-0.05749699012786326,0.0363077882334525,-0.06040580096719868,0.08875703201995626
2021-03-08,0.036229506128800576,-0.07005830109898864,-0.07359336521490867,-0.07204987839836113,-0.0965620719349997,-0.11542726055147312,-0.10402546821322002,0.07462104367884596,-0.018291378502605732,-0.07202034502964877,-0.07378252859934539,0.03432238970132484,-0.0726694438657031,0.08634701908177418
2021-03-15,0.03665485992594235,-0.06224095278749572,-0.06256260152968933,-0.0752339864844573,-0.10266350143085319,-0.12014256485683626,-0.11208558845609748,0.08300463512108214,-0.011434222786194907,-0.0613367796295205,-0.07857172397688325,0.03600809924384291,-0.08201493524239885,0.07604554852870571
2021-03-22,0.03954665464056604,-0.06074504521781047,-0.04753367924638593,-0.06284819835672925,-0.10455306301397782,-0.12844270252317816,-0.12067603984686759,0.09633772541271256,-0.006589618297594059,-0.053249621128149544,-0.074697229294871,0.0410982166012622,-0.09173457664766307,0.07194762977223244
2021-03-29,0.03942588104742104,-0.07141550837195454,-0.04730031010858927,-0.05847199849545784,-0.10062976573211342,-0.12903661770425193,-0.12063311736048916,0.09256687240295104,-0.012266101277971992,-0.056072394126189334,-0.06825360194896084,0.03959900491929066,-0.08953435160056238,0.07479447490379665
2021-04-06,0.041442528537764534,-0.07516275391028744,-0.05961977334292472,-0.05844642302241231,-0.08571162254416433,-0.12605980774104317,-0.11543838714160523,0.08751079578701954,-0.019564861145209948,-0.06770119248684439,-0.05109792542151884,0.04117268712327007,-0.07732282764977304,0.09374841414616263
2021-04-13,0.0532266880152271,-0.08058601495946041,-0.07415188504959204,-0.056509919925498475,-0.07320695143425718,-0.11387605166644661,-0.10063776050464907,0.08837682605384824,-0.024834019378671527,-0.08249047318265278,-0.038935701311561384,0.05062844391084201,-0.059641263385688946,0.10289800122160414
2021-04-20,0.05982318556882716,-0.08450129294181614,-0.08019636307017984,-0.05295360699365973,-0.06955243369023177,-0.11166952537514016,-0.09656604582338951,0.09071578814701756,-0.030872994616363624,-0.0855895430006691,-0.03687478976452043,0.05410263604473979,-0.049088119008012875,0.09749367595543225
2021-04-27,0.05314094281879367,-0.0764700183803036,-0.0734299017554081,-0.06305983210268726,-0.07334704347692735,-0.11412413212518409,-0.10017408465815479,0.09570831086565514,-0.026305230286816795,-0.0772577387846518,-0.040323799491961194,0.06087616870881652,-0.04045067431242564,0.1053321222322142
2021-05-07,0.04533793226176834,-0.06899538328342375,-0.06517896821639606,-0.06818031507702893,-0.07647767315362118,-0.12226569257305574,-0.10954329282326275,0.10596407513177068,-0.018564092093227538,-0.07183128404370742,-0.041049935958169775,0.06598129976271472,-0.03195384386407343,0.10867621175777979
2021-05-14,0.044179223707907646,-0.06365118856084623,-0.0701291118589408,-0.05688016840497195,-0.08617959717500756,-0.12103046347438674,-0.107177180100643,0.10549286372878594,-0.023182846502343816,-0.07586710173555296,-0.04991988639592299,0.06273034254373504,-0.03947687821774638,0.0941031475932089
2021-05-21,0.03910047796749275,-0.0708135880620652,-0.07619015188192853,-0.06601925030899582,-0.08269580377066024,-0.11457756198566917,-0.10088095782928375,0.1015347230198128,-0.021628288629077924,-0.08324828544162967,-0.04950797082823349,0.06138372985128268,-0.04337284230356462,0.0890463681203033
2021-05-28,0.037611205719630066,-0.052285359305173494,-0.07969400759286001,-0.06959875596358199,-0.08977301540476279,-0.11974208243159841,-0.10778333913535008,0.10337676458221921,-0.013981320619171051,-0.0781008552220097,-0.05727955658370301,0.05716862348161453,-0.05399098725252477,0.0796141267058007
2021-06-04,0.038809738655726705,-0.049614872544333374,-0.08569391117501282,-0.08191754575971712,-0.08704087294940961,-0.11265991299493838,-0.09897821123651453,0.10584055519494592,-0.017125603898995496,-0.08251605433319573,-0.05336370587153656,0.0616983404073461,-0.04294699853933885,0.08179367643898876
2021-06-11,0.04171360427037304,-0.04957931155722778,-0.09180742375377332,-0.08915701691543211,-0.08509209222065092,-0.10822782097549052,-0.09228636462401571,0.11068670167551968,-0.01477484296238357,-0.08587010994815292,-0.04485823725464486,0.06684421988757794,-0.02981190108932347,0.08929035286543423
2021-06-21,0.035317493520558664,-0.043542206992775494,-0.09217750823106127,-0.06955276213768628,-0.09113007731637596,-0.11424949326260646,-0.09942071883226418,0.11500801883195556,-0.013078268047832116,-0.08028726242706001,-0.05200519658960714,0.06163264195909879,-0.04648626137058995,0.08611209048052809
2021-06-28,0.04117073150302699,-0.0482769825472168,-0.09214325441519952,-0.06504113073377212,-0.08845465282659498,-0.1101425674042575,-0.09459540905526213,0.11989990727078127,-0.011279352762926317,-0.08276684074936458,-0.044746344672596465,0.07356370856456294,-0.03945005188164863,0.08846906561278962
2021-07-05,0.04507241939505026,-0.048893366886461335,-0.08960089149763263,-0.0694855782959364,-0.08940547976613199,-0.11264075157637712,-0.09630739685566839,0.11543828914534582,-0.014773571377372027,-0.08568474962558685,-0.04647419919844354,0.07438506672233763,-0.02750306919291244,0.08433517046474341
2021-07-12,0.03943794055558924,-0.04164433553653738,-0.08179073465208068,-0.06560217497874316,-0.0970706998366797,-0.11844219422950227,-0.09956869168847826,0.1206230785190571,-0.017842322864379992,-0.08056409638577909,-0.05147150064258068,0.07053704101902594,-0.0353381601511496,0.08006702894041662
2021-07-19,0.03435507167873886,-0.04056879255440406,-0.08111301237077534,-0.05858725143227427,-0.09482234729994052,-0.1264310628861685,-0.1021915772337786,0.12740177202017028,-0.023836531921849632,-0.07984489451141484,-0.04596652122272677,0.06631919930189553,-0.030235452535194222,0.0883265130306685
2021-07-26,0.03454261824727362,-0.025566147350437725,-0.070674866573685,-0.04698289097309724,-0.09710472832689616,-0.14145251761466895,-0.11745791296855768,0.14961751074075802,-0.011976497414799028,-0.0652564653969439,-0.04040463568957117,0.0716987537067621,-0.03158624042691999,0.09567821456962929
2021-08-02,0.02857497606778954,0.006091708636337406,-0.05394200068257925,-0.03911307767796854,-0.10820663263425274,-0.15063914093989053,-0.1224000421779654,0.1907378931770237,-0.009284024876371137,-0.04240008414139535,-0.035746845036065025,0.10782260895161881,-0.0014102639839532847,0.10363070101678934
2021-08-09,0.03465646451142778,-0.010242776152367605,-0.04875053558106457,-0.04069023888685391,-0.08425775668208921,-0.13219241453702904,-0.10040359504569393,0.19367460469531617,-0.02050936940114352,-0.048844524578935844,-0.020499104526479878,0.12365343053760239,0.03622142683173854,0.1054037580322575
2021-08-16,0.02824918785875797,-0.020356092147580784,-0.051571434856666876,-0.06668358661488971,-0.08732696346317166,-0.13240469311112482,-0.10254492619076805,0.18007864331282553,-0.025912941021782158,-0.057608275251161904,-0.027005964543430336,0.10417191926849043,0.028891559976477802,0.08719381238287198
2021-08-23,0.01971594236373357,-0.014156497582351756,-0.05735062581040244,-0.07464983842104068,-0.09987774665342294,-0.13716856872638794,-0.11069066997205125,0.16655513151980883,-0.03311904687229457,-0.06408253240428377,-0.045370846219374934,0.09244194897130799,0.0046221200048077,0.0801984844787316
2021-08-30,0.02828945921985715,-0.014131253910597115,-0.04260178919666127,-0.03603660151497133,-0.08335770909486953,-0.13230881151342758,-0.10287853040571651,0.19331805198127303,-0.02432726176712992,-0.06310628338442702,-0.017393392811634698,0.11784888623969583,0.04053208211083785,0.10386988684890107
2021-09-06,0.011797726941996928,-0.003254672457471606,-0.02329511938443309,-0.033842556957584646,-0.10274994589692753,-0.14471464673839082,-0.11404379515449665,0.22769267097415563,-0.00995463524619221,-0.039465062946131876,-0.018991150709617575,0.12920347618074995,0.03784384795059524,0.10315069246125642
2021-09-13,0.021850140221413898,0.00843318985389711,0.0008851932573290053,-0.04066054495952309,-0.11833720248228587,-0.1400009370480084,-0.11549193261153128,0.24703361220617315,0.014953980462009147,-0.023490163033885972,-0.02193282392637263,0.14397630303403747,0.029609508218325534,0.0733444686852074
2021-09-22,0.01602306546098943,0.0062746329605560215,0.019997750164499815,-0.018532899853140956,-0.13199068352524307,-0.13849943699867293,-0.11047809259643038,0.258718011694906,0.021384636638052682,-0.010881796465761012,-0.009976590104336143,0.1477840320058655,0.04760917668785406,0.06184919484369198
2021-09-29,0.011279646475370081,0.012015474039212676,0.0024040509247812455,-0.009967541091905393,-0.10589899757903681,-0.1326074061399531,-0.10660645583976622,0.26569500939876284,0.03491865993853586,-0.011819468467807997,0.018071754659012076,0.16217196163409173,0.04514849583584291,0.08139507797592094
2021-10-13,-0.008798096001590752,0.040241144449879446,-0.007197216625876279,-0.06701430297501255,-0.13385538388402768,-0.15133587708274054,-0.13412567449985083,0.21128840990769984,0.024494932314530305,0.0018142029129852371,-0.04778560999352438,0.10506017764977896,-0.02380490472864071,0.04318406697386268
2021-10-20,-0.012596562786563292,0.041355848511671824,-0.02224193136288242,-0.07892819628930366,-0.1335032082043135,-0.1432950371078828,-0.12620310762865034,0.2002441515322374,0.013039543147483346,-0.0007940720680174146,-0.05481871485801987,0.09173912492035909,-0.03966949001034627,0.041571011572268696
2021-10-27,-0.019472960519979658,0.03783245943556013,-0.025047186325989162,-0.07034013715192235,-0.13091156232137377,-0.14238661394505228,-0.12448619871521713,0.20306602670163704,0.004344301659704238,-0.014475067199116336,-0.05302090929084165,0.09245297447894638,-0.03757465029554105,0.04458895195911891
2021-11-03,-0.020383015120129223,0.050886477066533015,0.007641639445609697,-0.07972344219850569,-0.13647573953540035,-0.14844746621599939,-0.1308389921626884,0.1957716255795758,0.006172241969444074,0.008705657201588791,-0.057732905904443174,0.08174152118017565,-0.0426875552030758,0.03279172121683075
2021-11-10,-0.022797106476833664,0.062031743291523896,0.04818287736118707,-0.0893235287391021,-0.11503559697678191,-0.11572815622996482,-0.10623975182566896,0.1837763474262802,0.03532948880807067,0.036339915063418785,-0.05415363199542401,0.08450755499729136,-0.03143002601044941,0.01512427479800314
2021-11-17,-0.012760780562378567,0.06437645591736113,0.04240665960335454,-0.10277712961866661,-0.12623352139276017,-0.10789073663113773,-0.10086047432395456,0.17446752014063585,0.03180949875248446,0.03332671566906602,-0.07978887614982696,0.07897607906715147,-0.043363757438714096,0.0009617947325077774
2021-11-24,-0.0022207428486066246,0.05202397363420696,0.02979410516616527,-0.11655070328984031,-0.13432876564991011,-0.12002512174997895,-0.10955228444787252,0.17984213400677726,0.02146172222679789,0.018700383745556725,-0.09024667697582182,0.07585896026790977,-0.034839786618098376,0.014554639372457373
2021-12-01,-0.005437058945614527,0.06195930013536223,0.01724795354602597,-0.14979673807519886,-0.12767935304389097,-0.10581381099212915,-0.09306526584397327,0.1885160353758676,0.02637479682003711,0.010887865350838851,-0.0809368196482013,0.09594988218509293,0.0030656240348662118,0.03326949600290107
2021-12-08,0.014733188612605103,0.03381498039434322,-0.0190505296489885,-0.15553363214182664,-0.12125649873433962,-0.10710423484642932,-0.09123478422863603,0.1614672218543124,0.016006936272257723,-0.02094422093074441,-0.08471971523716626,0.0817058601580252,0.035785880077540896,0.056642316862784536
2021-12-15,0.007000093470636889,0.011042464759903513,-0.0402621880111355,-0.148065943931416,-0.12053384171218345,-0.1233818491235962,-0.10247302794890206,0.15782920995194347,0.0007868231433984497,-0.04567035018837807,-0.07970295035145201,0.07782317058589949,0.015316323833762246,0.0701117629873926
2021-12-22,0.01455066058417853,0.015335811765577368,-0.016455973363564826,-0.13945168591722507,-0.13759166413643098,-0.12467556992545073,-0.10732069932598813,0.1811220224726145,0.014706155808794336,-0.025659259688862002,-0.08701807193858817,0.08122107116962393,0.0083877567757511,0.04650359712735044
2021-12-29,0.014657065409032161,0.009951777460004134,-0.01595178800001431,-0.12733751157672288,-0.15145558402184675,-0.13260763000862605,-0.11852627931582296,0.183273624571748,0.01801374710095454,-0.01968456900384877,-0.10049427511047214,0.06842908982394058,-0.006383305869011517,0.03323375272795523
2022-01-06,0.018059211748460254,-0.005691901816580393,-0.01936507854240743,-0.11897519174288307,-0.15774190470257718,-0.13203280233052536,-0.1206304584532357,0.16540272081850607,0.010957227512343874,-0.023738121921351867,-0.11077253048547812,0.05860666327825634,-0.027975006508111182,0.030051180139283
2022-01-13,0.016484184674956652,-0.011585755262544371,-0.01870705431893919,-0.1264922414616195,-0.1651576592565998,-0.13000693394216403,-0.12067329028085903,0.15045702487671442,0.0016826886936815299,-0.020614054576304247,-0.12167649071011345,0.05285627480739309,-0.0440583675402394,0.019547979597871346
2022-01-20,0.016568562177557537,-0.012314739979813569,-0.022728398088727876,-0.12349285623477795,-0.15788736477221713,-0.1255579900407233,-0.11915031741069967,0.15755023045998978,0.006267901544679234,-0.02163940315789511,-0.11835113242483991,0.054251480047591,-0.04431688863621128,0.019922735024276692
2022-01-27,0.02141682692016827,-0.02033350385586667,-0.028750751075866603,-0.1280626983436874,-0.14955382281797477,-0.1217542558433311,-0.11671196412216496,0.15328031206028703,0.006359427834003703,-0.027554963321536983,-0.11001886400902597,0.056290726822074866,-0.04350999626050434,0.016401886713507344
2022-02-10,0.021144749859497703,-0.01648214437722265,-0.019886713666991695,-0.126844131589512,-0.15865960007444133,-0.13177312088274268,-0.12625402902377206,0.15183542365713557,0.005161378415728032,-0.023913327049807132,-0.11348593469648392,0.050815628374464496,-0.040148943027342385,0.013594875304858365
2022-02-17,0.016509156556324605,-0.016690030986856987,-0.016414339971788733,-0.1279410209338836,-0.167999533843346,-0.13059545496910036,-0.1260832517158679,0.14420299822758967,0.007943422260433129,-0.022141025994443966,-0.12582534967325457,0.04245174614045629,-0.04984513451885393,0.00535753420780044
2022-02-24,0.026216040622021337,-0.026569564130299782,-0.02289098669378239,-0.1434756099131887,-0.16286178285011801,-0.11755471955872697,-0.11110485843606241,0.14571968353209436,0.00478553196376613,-0.033805485772239734,-0.12011870290529424,0.04987328625948095,-0.033978793644758504,0.0010449537181665162
2022-03-03,0.03288021035276583,-0.026073285761327784,-0.041388180555182674,-0.16487798094356224,-0.15461142041702727,-0.1025155131223241,-0.09329888802304748,0.1456157602762536,0.0019884977126502406,-0.04831075436689797,-0.11182821692142945,0.06053068991402052,-0.012733574380855992,-0.003347027252654887
2022-03-10,0.02568173832036132,-0.027405178473254476,-0.021146203773620104,-0.13761085897974396,-0.16792360776433465,-0.11223970955342966,-0.10218830402018268,0.14521403816009965,0.002498062318300862,-0.04017059060618808,-0.1270188790098581,0.06290327141064307,-0.020624010096196563,-0.007375547513786723
2022-03-17,0.03877213630126115,-0.040421234858164866,-0.011905104594642052,-0.14129571605163788,-0.16524560579172243,-0.11491205451076605,-0.10261840649070957,0.1471583145612377,-0.0001487426587731083,-0.04409271910225125,-0.1199182876340522,0.06699257584790509,-0.0060508146472657625,-0.0004682869496110326
2022-03-24,0.05364439101983194,-0.0588271797206052,-0.021596591207730987,-0.13735708126261842,-0.14157954682137655,-0.09946241178061313,-0.08511630138504665,0.13552329198483457,-0.004470288793268791,-0.0673497761823545,-0.09234030466377836,0.07084025821232076,0.016273664126930647,0.015618912838689596
2022-03-31,0.046145226980484885,-0.06993643677042852,-0.033203355908540566,-0.12152775822935888,-0.13015282645853954,-0.09110169763200777,-0.07292860285889746,0.11727151642676038,-0.025029488911860368,-0.07461827715104098,-0.09575787926983181,0.06340459015192328,0.02785914381033138,0.031063199439994426
2022-04-11,0.043634251957317946,-0.05588567165196155,-0.015433914113816146,-0.1036515236189856,-0.14028804074461237,-0.09999082856549335,-0.08096557041134718,0.1224169666218655,-0.028714372398526283,-0.06803253172117625,-0.11072998283274696,0.06210971256368041,0.033041478355836824,0.03510515444263345
2022-04-18,0.02081158447805068,-0.03268449384231066,0.011591133081534635,-0.07471644916327601,-0.1802613628421376,-0.12247074510499309,-0.1057852830802941,0.1427705510741264,-0.016019275391395155,-0.03752363821581243,-0.14292365872630042,0.06437719396383311,0.012672818431914647,0.03539181260402119
2022-04-25,0.023414597898758466,-0.02925111930227651,0.016067291299800203,-0.07110353844083858,-0.18437315388469588,-0.1335166295996043,-0.12199133035776463,0.14696472656499776,-0.004775759879283686,-0.02654738717732822,-0.15436659752435983,0.05968337692041638,-0.002558638678055323,0.02538585247182031
2022-05-05,0.024965379727353045,-0.028371848738180123,0.027231363905955333,-0.06039288877182311,-0.1796554256199977,-0.14137577194960763,-0.13051911972502325,0.1479845095911415,0.0031499654120266717,-0.015342670498590184,-0.15788398518401847,0.05655435217974584,-0.001958302473386497,0.024614416223150845
2022-05-12,0.025201968345931133,-0.031713038338943136,0.003407428625645947,-0.07659592581954386,-0.1727697198352515,-0.14032995830884631,-0.13094254275946796,0.15525912971734676,0.007266935040791849,-0.027354962104689132,-0.1392074585650312,0.056402494117494505,-0.0043248412249217326,0.02922359719609506
2022-05-19,0.024711653344901045,-0.02745159075819824,-0.025001446642697524,-0.09682478862445815,-0.15751804840660702,-0.12722067665758235,-0.118951622151853,0.16190394075846812,0.010530477422901056,-0.04024556265347777,-0.12359922708379381,0.057513332854317874,-0.0010264046035528209,0.027501228037191263
2022-05-26,0.0328366283467107,-0.024856145113806988,-0.03604780994646378,-0.11797740666487475,-0.13751469198172514,-0.10821026010397199,-0.10145700245069517,0.15026442695855505,0.017424669253419213,-0.04555658013857393,-0.10831660602760215,0.0611289189314921,0.022037955870396017,0.0363708982117131
2022-06-02,0.03313656680914285,-0.023135322321952503,-0.03393458311251886,-0.11394893227070439,-0.1336032068235101,-0.11258239966236275,-0.10638432008230478,0.14751075042031092,0.015535397673765902,-0.04423880629728721,-0.10944953814742478,0.05360639607435966,0.029934455218116256,0.04299932508623898
2022-06-10,0.039273453503278107,-0.03943051901728735,-0.013599916087868678,-0.12494810283287637,-0.1290603315256854,-0.10473140317635385,-0.09927799849786131,0.15488045424358468,0.017533485119549618,-0.037337293791403374,-0.09978258718450767,0.06325683757382829,0.040498808539027306,0.03638880890688804
2022-06-17,0.03646863828028145,-0.046670486983360265,-0.01344889858599376,-0.11255937289908258,-0.14420826528685657,-0.11915527842960143,-0.11324927801144798,0.1406308582141406,0.012175065043381627,-0.03821748007431701,-0.11640106351984564,0.046980414891272,0.028877739034980494,0.03095716074543871
2022-06-24,0.0382273623930615,-0.06133257505886623,-0.022638430913627786,-0.11657899319576581,-0.12806990857017186,-0.1162950597828646,-0.10898886501068097,0.12600797192720117,0.004250962931809151,-0.04879834615489566,-0.11294586290373633,0.039195267692871065,0.042451243478050064,0.03421914998639789
2022-07-01,0.039142189212040886,-0.05911971036889528,-0.017574163256389014,-0.12908381071347594,-0.12399839824348749,-0.11181350055082592,-0.10598337001905377,0.1179175948114646,0.006180363936667764,-0.044253031215971426,-0.111909246462514,0.033296717791737054,0.06130632788047794,0.03842157553699887
2022-07-08,0.03526170699971245,-0.06154058835627706,-0.030884775460952425,-0.13113814993215728,-0.12802391714895478,-0.11631551173434526,-0.11017253540133982,0.10091226268754741,0.0009636061348339076,-0.04845054643227834,-0.11659868709622917,0.0178117618064694,0.0524195907291381,0.04950636007976491
2022-07-15,0.032498878946609175,-0.061862187933218245,-0.034336191477364164,-0.12791816115833857,-0.13196691538774272,-0.11842943280779265,-0.11461236454650477,0.11387629557132514,0.0028669910546784017,-0.04943408232840916,-0.12035268902521609,0.02317579176086856,0.028635420246868326,0.040034597755063905
2022-07-22,0.029159967737546325,-0.054383379948500093,-0.033005649386071687,-0.11950970419672445,-0.12350513712690239,-0.10844254632694389,-0.10755850955356425,0.126435068378053,0.012435975433342574,-0.04444055527590086,-0.11782918978608443,0.034971889352886074,0.04773268333134784,0.04058974416613211
2022-07-29,0.028631842718624907,-0.04366485335447567,-0.04320124259642578,-0.11897704314490837,-0.12673545292412383,-0.11408434416358502,-0.11585780191435353,0.13128720831653445,0.010840757624528059,-0.04380659025917603,-0.11956073698561391,0.038655938693410656,0.02189885713402197,0.04279733017021799
2022-08-05,0.025445004279203483,-0.04135312956376431,-0.0366654430208062,-0.11580747987709619,-0.12507892158562317,-0.11267223872395586,-0.11557685696159266,0.1459759136209616,0.013235940944935886,-0.03459760208026751,-0.12167739015885788,0.0495106863623178,0.02732902189332427,0.03507437092729304
2022-08-12,0.027831296382461925,-0.04167818262435391,-0.05337580027277804,-0.12180389218577732,-0.12026995267193352,-0.10583694224279068,-0.1091806066249166,0.1355394129938398,0.013084468551199496,-0.046107199242670385,-0.1139784659770214,0.04721381007863633,0.021933679523940253,0.0421662906276805
2022-08-19,0.028451582944987813,-0.0502553302179469,-0.06379039886486076,-0.12335693367294108,-0.12120662083700191,-0.10784040810870099,-0.10783352654283235,0.12047257441823131,0.002532895763227744,-0.058219896402424205,-0.11620548789490998,0.03616101230612855,0.015429944343176885,0.0482433876826295
2022-08-26,0.027207259399287313,-0.037031904209936156,-0.06326515635997106,-0.12249442953996427,-0.12912729915647214,-0.11289855014168441,-0.11314721792402076,0.12196934499268412,0.0037477392659271067,-0.054213058026252495,-0.12270439923818939,0.037329014558895875,0.005901938236845791,0.0489626889498689
2022-09-02,0.017117270595945554,-0.028678374140347653,-0.0631662246189476,-0.1250916298653017,-0.1322013255753494,-0.11963178572282072,-0.12136189112786216,0.12027135066901193,0.012043264197952595,-0.04362408022088583,-0.12586173638529843,0.03324195734380381,-0.0022416638379235713,0.05546744569854887
2022-09-09,0.017765618257578417,-0.024923517814584017,-0.06486493584592364,-0.1268496249762254,-0.1290096657351024,-0.11981286135264879,-0.12149042337326943,0.12381713840013484,0.011066861226809437,-0.041283794856939365,-0.12293863458608324,0.03083584107586997,-0.007379486952300852,0.057961595546530215
2022-09-19,0.0226675834743872,-0.03381807248393086,-0.06569187488364436,-0.12979854953318137,-0.120685160228298,-0.11717424955382459,-0.11868761330893689,0.11638012026928807,0.008409154891232874,-0.04713557714221721,-0.11509531573660814,0.0343100653811882,-0.01204063438120356,0.05810602873205864
2022-09-26,0.028426440367767442,-0.043845706135731015,-0.06771967025557445,-0.12402358159648572,-0.11449493993532835,-0.11731590823076081,-0.11777317409885728,0.11684677595217222,0.003975281767492125,-0.0499962901227437,-0.11116023033682933,0.0371275912548205,-0.0011187083527604762,0.06617570159267652
2022-10-10,0.02927508280203352,-0.04824036029139272,-0.0694880919242873,-0.1204690487256565,-0.10595312785277766,-0.11797124904863153,-0.11646908255572762,0.11184974733611772,-0.0031505011641832377,-0.055576971647447626,-0.1061080292620006,0.03816255544049678,-0.008891649198228092,0.06839450275101902
2022-10-17,0.030012220266892115,-0.0473721495696842,-0.06714354830739627,-0.11539192354557018,-0.1086281147393875,-0.12092330555838093,-0.11782322106543378,0.10936826018981295,-0.008926911088797064,-0.05604937407920079,-0.10883801267640854,0.03359338917645352,-0.00681471047563357,0.06911485926094862
2022-10-24,0.035672112672072924,-0.05228644083902951,-0.06578383189466662,-0.11046459026001618,-0.10261004622728193,-0.11109087818127006,-0.10807277221914019,0.12070987922528788,-0.005982963158490361,-0.0556885841488914,-0.10195872427331448,0.04334775016769161,0.014421062523851553,0.07191036420899524
2022-10-31,0.03558220315902916,-0.050241524027213914,-0.05813126730631155,-0.09863697878056346,-0.09222368868367536,-0.10641707955270331,-0.1056634363391473,0.1411768197523699,0.0025492037430332195,-0.05042200902452233,-0.09533163520892377,0.05243339865918597,0.035956387063741733,0.07523436869957902
2022-11-07,0.03830659231405273,-0.04029157385390092,-0.045905896200114794,-0.112838728875022,-0.09802452386114198,-0.1096362817815316,-0.1112463205886664,0.14851966401010464,0.011910573429518411,-0.03609546400816597,-0.10320802376732512,0.0550601316111908,0.025362638870898072,0.06359358682836666
2022-11-14,0.036855609170744125,-0.049632396908847985,-0.06202314654418162,-0.11621916562628162,-0.09534010836832757,-0.10429481251536407,-0.10428764859543414,0.132944766695934,0.007464178996584034,-0.052473014046198946,-0.1022269859795381,0.04733349055471864,0.022782974022629535,0.06612170197521552
2022-11-21,0.03735414492850235,-0.05616220268673908,-0.0743474025682682,-0.1074613842016282,-0.09584266516068476,-0.10744209561123651,-0.10492861592495739,0.12783298833824414,-0.0007966182669989575,-0.06122024276937196,-0.09843589224899271,0.03989821168577329,0.022608004827897373,0.065669530780705
2022-11-28,0.040889160995129965,-0.06523125255198937,-0.0829813690924452,-0.09720900427811835,-0.09243167225280877,-0.1079729671039005,-0.10303344863384599,0.11608896815995777,-0.009198860010140244,-0.06896114431230509,-0.09408637642704921,0.03337839888924608,0.02083246766560102,0.06770490962746241
2022-12-05,0.03962048683581716,-0.07182938306312736,-0.07918024712409566,-0.09399176999472748,-0.09572078993265658,-0.11672873202312713,-0.11123789259949272,0.11315201022379616,-0.011268386562143939,-0.06756461826934801,-0.09467113557896886,0.026160364110059748,0.015917486052111515,0.0629566976305275
2022-12-12,0.035922458138135424,-0.06608709871902822,-0.06880723734802141,-0.09462576663862536,-0.10790380052389566,-0.12997857896204706,-0.12685653097172322,0.1217351733505804,-0.006548975167360102,-0.058685275615854814,-0.10465244936775205,0.02200947250817347,0.0021118711075442747,0.054075311581258466
2022-12-19,0.03696712100955546,-0.0669093231474328,-0.0652109580401207,-0.09228004066916795,-0.10489992736358707,-0.13364150267113717,-0.12979251503101022,0.121089215220931,-0.009944823617732997,-0.05786531271124561,-0.09977299850891698,0.022029322519150733,-0.005736041076560436,0.05386089841345098
2022-12-26,0.04275825082456695,-0.0641826682097935,-0.049819837268876954,-0.0900112458869583,-0.1066614698025082,-0.14163367906719038,-0.138005034759914,0.12974022967095655,-0.010408741136905868,-0.04772357838873075,-0.09893130472152714,0.020510412516382037,-0.009809748370572597,0.049803799375116635
2023-01-03,0.043517125220555994,-0.06408273102050686,-0.05599948512604178,-0.0891713721927825,-0.10483688161854648,-0.14237635234411053,-0.1394617098869002,0.1257179497433649,-0.008123227826308775,-0.05122098485310065,-0.09415838229155489,0.016502740157920144,-0.006509744984950093,0.05832131273335626
2023-01-10,0.05052883357624578,-0.06379331501867498,-0.06954577700304024,-0.08891225900717946,-0.09663699238881107,-0.13166096596512572,-0.12909557760243165,0.12324548980751432,-0.007693041889562778,-0.060777164424781066,-0.08468886431909489,0.02165261651453034,0.0032329612354233903,0.06853614124758443
2023-01-17,0.04905918666090953,-0.0688861648249425,-0.0723066375892736,-0.09733017776906819,-0.09199228288817117,-0.11840019700897156,-0.11792057983419203,0.11989339193501808,-0.00018549298468464761,-0.06657251192981063,-0.07866997922408361,0.02763903111166191,0.024037926203052996,0.06710644003615954
2023-01-31,0.04806594230031956,-0.06859393855201448,-0.08916677598513856,-0.08775873773699364,-0.07492345374002077,-0.10581885448207413,-0.10501476180733726,0.11620598427320157,0.003100613375004897,-0.07905492485496651,-0.061755997645430175,0.033395017156507216,0.04375214367606307,0.08339285441492811
2023-02-07,0.05050373831997278,-0.0708442274247689,-0.09423719647796422,-0.08897665570112144,-0.06868532141803171,-0.1025036258110721,-0.100763259685615,0.11907812808143976,0.0014980952668034147,-0.08447775308185049,-0.057072479216073446,0.029867405415677607,0.045396688189960246,0.08609542590964891
2023-02-14,0.04217522640310698,-0.058517763525497236,-0.0914096735640857,-0.08910989700778911,-0.07470763865721579,-0.10206288697455397,-0.10139826402520258,0.13197522304542397,0.007491984856674645,-0.07945012168093671,-0.06160105296423629,0.03536310999923576,0.03952343698247806,0.08521372031356321
2023-02-21,0.042428886024651086,-0.05174704495189657,-0.08713155566255998,-0.07860279204521645,-0.07788336781992146,-0.10176398679529912,-0.10388384315743196,0.1449400069382777,0.015790211949712772,-0.07418281628555139,-0.06820484698667932,0.03914508391062026,0.03547917842048427,0.07881637905169761
2023-02-28,0.04204942488033447,-0.04829798208180832,-0.09738023600162546,-0.08251050252592189,-0.07278312573291719,-0.10352565540389007,-0.1060377169459706,0.1434961707122676,0.015389308574472961,-0.07517657892415959,-0.062447392670784835,0.03859961025899466,0.036337642594226505,0.07596865269262598
2023-03-07,0.03735091055079642,-0.042379227298681425,-0.08652015519488443,-0.07149482621780114,-0.08510887223110271,-0.11610880482308067,-0.1185822689198479,0.15474976286531633,0.014489473776666267,-0.06372434247643818,-0.07613500049773828,0.037140146682931356,0.026277005110315707,0.06993920335439927
2023-03-14,0.02721024826074626,-0.042050715309714076,-0.0779661384044092,-0.06447577640143079,-0.09696676084952728,-0.12613826488053728,-0.13013791056083046,0.16229822019097243,0.014802355655102932,-0.05562235924048219,-0.08729489642778537,0.038520510673902816,0.008042450068945143,0.06847339307561369
2023-03-21,0.02662506763054082,-0.029758960501008586,-0.07369371358395474,-0.06474810891171152,-0.09587693301153918,-0.1260565911000419,-0.13261886246043383,0.17555834967008196,0.020012264096125932,-0.045842943953002424,-0.0864376249826544,0.04452570542565786,0.011891272068142205,0.06635360260510458
2023-03-28,0.02739735607934367,-0.027620450792394488,-0.07887396606315687,-0.06615433816902029,-0.09362850840850975,-0.11869975420940035,-0.12568235477810824,0.17273575217725948,0.021338553919305513,-0.047827125363552644,-0.08579344155852162,0.04321724567640374,0.023976992168090613,0.0670541606369327
2023-04-04,0.02550930797076143,-0.027382994790872858,-0.08045117293791501,-0.05701199827015731,-0.09695093680403033,-0.12137211263839702,-0.12821694405537232,0.1731719674618675,0.02209785485311249,-0.0468030352779366,-0.0924065863088468,0.039828674868649855,0.02471994708344023,0.0640764666786405
2023-04-12,0.027244415096164674,-0.02096269025405797,-0.07459604146222261,-0.057186107163803936,-0.09025576524226583,-0.1188033248908474,-0.1276104230837202,0.1839344607695148,0.033334973541122956,-0.041252461972685846,-0.09000347594901006,0.050477594267809955,0.02932959917310388,0.055008667133669954
2023-04-19,0.03264009684708699,-0.0318845575208946,-0.08403634669806051,-0.06867475552533574,-0.08597639355676545,-0.10964490130079425,-0.11585331442733283,0.17880418429695766,0.02494405446802789,-0.05374259512457804,-0.07991423323192876,0.05617754783243934,0.02416229042076359,0.053544728749034376
2023-04-26,0.039146959752231265,-0.04148712191458472,-0.0895634738162113,-0.07771430066680379,-0.07521731511068142,-0.09995075456080554,-0.1055158333275244,0.1796776554671166,0.023083191186674342,-0.06155641573270287,-0.07209882080749276,0.06145628051686007,0.02510410197723051,0.0484277751630805
2023-05-08,0.03466127737104695,-0.03810272219930885,-0.08533858338342686,-0.08046690644903198,-0.08454933973509969,-0.10598257178573423,-0.1119177564926307,0.18101035179411773,0.024574345978369657,-0.058224075947658736,-0.0794024910385232,0.06039859472847378,0.012131272111896251,0.04323971098468153
2023-05-15,0.0327336145530094,-0.03543879147545507,-0.08990661419931688,-0.08496905407562019,-0.09072621941801806,-0.101955914649895,-0.10756888848202817,0.17459076557901435,0.023875628647578997,-0.06170134337207839,-0.08222948038277673,0.055448736579232494,0.015408083117736324,0.04344686546824019
2023-05-22,0.03254505981932846,-0.03886318824150634,-0.08851688389845783,-0.08880055504655926,-0.09218325900599006,-0.10293121901382953,-0.10441311866181191,0.17140939843726777,0.014647136734354712,-0.06499711454417322,-0.08750171197873831,0.05712234879067577,0.014523569868403733,0.041545435958903
2023-05-29,0.03054968044994355,-0.037879829170497085,-0.08476227869454477,-0.0812314426562099,-0.09690663587492357,-0.11239878062701263,-0.10992728941257068,0.1720651831282039,0.0013477838177607226,-0.06953756947030831,-0.09729051527558827,0.05833206290993073,0.0037620051506785743,0.044008943361827445
2023-06-05,0.029923883383053528,-0.04545192733484254,-0.08633272140485447,-0.061078517173562816,-0.09966946786822627,-0.11397854740724613,-0.10969688986888938,0.17436683899231292,-0.005390887473201586,-0.0752558095566606,-0.09753437878863562,0.05890160940478607,0.0003915912242215755,0.04202693011950622
2023-06-12,0.028753356902364864,-0.044176264976631116,-0.08892450858419715,-0.06393377058432956,-0.09679442063037483,-0.11365408072312562,-0.10782019591721534,0.17459969656650604,-0.009294332561351187,-0.07701619015466488,-0.0896410082495818,0.05775051419382164,0.003014150399197258,0.04462750955663875
2023-06-19,0.030192587708220184,-0.03574550757293905,-0.09628421981822206,-0.05594502648057524,-0.103114234668927,-0.11783863188166246,-0.11357133063978166,0.17612398597072101,-0.000794632942380865,-0.07858965788546536,-0.09683284077804326,0.04979290572027661,0.0007258826939676504,0.044448555238817807
2023-06-28,0.02608617261965077,-0.03069432161211272,-0.09496937960373056,-0.056005958623626555,-0.09802813391725011,-0.11926161547833859,-0.11665918041851017,0.18523808869499075,0.005288215455499477,-0.08057718818301621,-0.09213475643176385,0.04901358231702771,-0.0008015619642404318,0.04524184468024205
2023-07-05,0.02214053391114919,-0.02450955971232089,-0.0952721236086767,-0.05070792174017942,-0.10128881809756606,-0.12257260546231463,-0.12041815239661784,0.184156382659714,0.0015355726985290716,-0.0768725240034823,-0.0929999776131859,0.046803840949486857,-0.01549210277393377,0.04522988437284328
2023-07-12,0.023495361510868312,-0.02673164516730669,-0.09118419465262234,-0.049427647346394404,-0.1077585782161741,-0.12055689363963397,-0.1192805729042657,0.17287808673071434,0.0038607998412621023,-0.07601876482317896,-0.09748137235154501,0.04368108095175097,-0.02700705507757275,0.04063794678671036
2023-07-19,0.020526322060263207,-0.02203490453024724,-0.08869585986880098,-0.04898266959330714,-0.10957243172028257,-0.12373558040736665,-0.12226932084834763,0.17661758529337482,0.002658963718394995,-0.07374500040539136,-0.09916594743150033,0.045339395989306065,-0.02796911660595021,0.0386869015274668
2023-07-26,0.017366228867926714,-0.014244137872173131,-0.08507261506298848,-0.05022825538457334,-0.11569135452210617,-0.12942387278034984,-0.12926075307844134,0.17002805570117469,0.004592655256143956,-0.06501460534288181,-0.10392363601489382,0.03655857011370081,-0.03704494247268719,0.04155031752995863
2023-08-02,0.008828202690689431,-0.006284757901107184,-0.07562690546948504,-0.057045998096069056,-0.12570442860398903,-0.13825986891402967,-0.13923189745812398,0.16083834138383427,0.008376141585612472,-0.05350582315455169,-0.11275333657257564,0.028428425139830925,-0.04551915230147367,0.039596720728627965
2023-08-09,0.008624964751899411,-0.004796985110879326,-0.07670552563214138,-0.0566136010876164,-0.12789987766638522,-0.13888132020241262,-0.1427897735187267,0.15642966589978052,0.01520275168167585,-0.05328713810697266,-0.11242285843615922,0.022985143273232516,-0.045287439931939094,0.03807295470017901
2023-08-16,0.009938930850350598,-0.014993235899598539,-0.07530164528382513,-0.061990840943255236,-0.12627451040633658,-0.13712261468613388,-0.1397360280479895,0.1429191469466387,0.010198266006435738,-0.059604174255949764,-0.10866251572174529,0.019366002355085187,-0.053423979112643676,0.04046810948401234
2023-08-23,0.00845614737271862,-0.01645962972377049,-0.06875618484289116,-0.05826914847698224,-0.1276889993419944,-0.14200386723296698,-0.1445779968868282,0.14257176153015896,0.009083258646815145,-0.05862293245434701,-0.10835234175516505,0.013877239357412592,-0.06102030911164254,0.0402601832663067
2023-08-30,0.01174197584407171,-0.010133683022795032,-0.06398233239163884,-0.052946653437784194,-0.12741095844543435,-0.1456544617835574,-0.14885475639395274,0.14816590131039506,0.010375460709145213,-0.05321537564601848,-0.10860273773016195,0.016197186367966045,-0.0661094793693834,0.03660903754769564
2023-09-06,0.016017359166120564,-0.016787893737283018,-0.06979629777538517,-0.06058968386198716,-0.1197945608630906,-0.13571592430082796,-0.14139832042094116,0.14806244498128918,0.019000559107671493,-0.05707464091957387,-0.09873398644004264,0.019933912937163727,-0.05806758958737815,0.039026825901245385
2023-09-13,0.014903427215435944,-0.0224459950702755,-0.0729205857408466,-0.05490410119681516,-0.11746961358058527,-0.13402740054891724,-0.13909552128699623,0.15475085950984332,0.017796182208222985,-0.062058874449107224,-0.09307321050006065,0.02312342178648327,-0.052713320556772886,0.04071748634963787
2023-09-20,0.01882401969948444,-0.029171202894276143,-0.07223443743246696,-0.039666288098234595,-0.12085651853056896,-0.13389763441244143,-0.13839154174360718,0.15196284955627912,0.014176280479029,-0.06839052611967833,-0.09395515984387588,0.023649653142225086,-0.05816647747345542,0.03665741057437757
2023-09-27,0.010214295738897436,-0.01617280032970908,-0.07003873510672487,-0.037959980095129964,-0.12949652862449673,-0.13971374702885359,-0.1439880675702012,0.1547391305298579,0.013228585880250695,-0.06290247582611691,-0.1011495286256163,0.022423214394459066,-0.0653469369499971,0.03262597329968926
2023-10-12,0.012685232885231252,-0.014562628936861895,-0.07757008271043521,-0.045782527127020724,-0.12024307984603459,-0.13338594326889802,-0.13673396286750308,0.16545536492168741,0.009604053789814755,-0.07823175445114414,-0.09214568807977258,0.02586454237714149,-0.04996004263409214,0.03777509610436276
2023-10-19,0.006922160346262558,-0.01129988919045522,-0.07264015071791276,-0.04642103314508198,-0.12480414370432517,-0.1345407515920678,-0.13764465304127352,0.1713298249524864,0.008990263865110202,-0.0761443445963752,-0.0989499307780151,0.02668129879761962,-0.05192246301964317,0.03170909225337126
2023-10-26,0.002266384649028917,-0.007835051534785309,-0.07832205535074484,-0.038307726321704795,-0.12646798394155814,-0.13515163886978296,-0.13669695933579964,0.1733414835800167,0.003953768184422672,-0.08120845062696021,-0.1002567526240256,0.031878394943806246,-0.04907227486424977,0.03524107517311418
2023-11-02,0.003250797871913056,-0.011430850585698444,-0.07626615515257519,-0.04211105338215446,-0.12432467693933262,-0.13465850779810398,-0.13650758820938003,0.1699703144421584,0.004942372144707925,-0.08242280647107977,-0.09928297548272416,0.028159802119450197,-0.053812978869830025,0.032859120530891864
2023-11-09,0.01050601958986408,-0.022111728786417015,-0.08090705123648778,-0.05641827504722281,-0.12151621159672617,-0.12810631177936857,-0.13004129693147665,0.15692599198422613,0.004141867403347584,-0.0910940705705608,-0.09464083005473861,0.025396407275925525,-0.046774669130323326,0.03141926861331491
2023-11-16,0.014303331293015007,-0.029464214083825945,-0.08994113674589499,-0.06204505393227814,-0.11904509646853098,-0.122887219589234,-0.12298647262750606,0.14636938774288272,-0.0023821605682434127,-0.10158301149743089,-0.0913520198547667,0.02296511632276559,-0.040659185454502034,0.03401659381912356
2023-11-23,0.01338024428804825,-0.026268220201550032,-0.08313109222010802,-0.047820796088107145,-0.12642017007474016,-0.12778098522084508,-0.1293038457628482,0.14795030642412674,-0.0020820105040556115,-0.09467287119203903,-0.09605227334216701,0.018985291043270538,-0.0524727427187392,0.03367915091935482
2023-11-30,0.01312142252340578,-0.019561139631054242,-0.07776740630075214,-0.039414018039224764,-0.12499784956927015,-0.12983504418593877,-0.13135322283448667,0.15789017015953985,-0.002374229364309979,-0.09122445294791419,-0.09318933996454908,0.02481203004253586,-0.05644360469432979,0.038016069742688785
2023-12-07,0.01248468278077078,-0.017898476261598392,-0.07705677116048483,-0.03307631969383849,-0.1262861330679031,-0.13013669658503552,-0.1337338428198975,0.15905373763930344,0.0025970916841300895,-0.08971591433488904,-0.09254860441719359,0.02527873032291893,-0.059880970497071105,0.040252028734965126
2023-12-14,0.011776713302299978,-0.004475737261290825,-0.07563433928380563,-0.02783604630368673,-0.12832764212780934,-0.12720198553671933,-0.1320499038999043,0.17507636356110023,0.005048233178767507,-0.0906913956651722,-0.0934438362481685,0.03550513139944563,-0.05604009791956993,0.036892574312259764
2023-12-21,0.007486769279243956,0.0024907997648692818,-0.06908085802623719,-0.015449959921077224,-0.1320885190926897,-0.13114884158116566,-0.13485240474327495,0.175586314103149,0.003669156638137158,-0.08089411856679542,-0.10334426444410648,0.03818131078873991,-0.06596055782659715,0.039766125223916975
2023-12-28,0.0029724148543745924,-0.0009896738090726248,-0.0741509912038372,-0.021392801527663284,-0.1338326673167512,-0.1288567431679309,-0.13233754015359236,0.17054382244672836,0.003282514839820432,-0.08510252580571649,-0.10137383375708581,0.03358602992412522,-0.06709372460220407,0.04448471659109742
2024-01-05,-0.004193332941681564,0.007296524658981578,-0.07409732298236195,-0.022192071298701335,-0.13239828401154383,-0.12194979410141611,-0.12683115545615956,0.17306864161563673,0.00807918217189818,-0.08174840016064591,-0.10057410502953476,0.038383918284381355,-0.06548326016475238,0.04370400712230462
2024-01-12,-0.010935792192801221,0.009205309214397236,-0.059941133676619934,-0.020561968684666667,-0.1403331449162552,-0.1205772085163282,-0.12777051476414572,0.1642889119681102,0.014854800799813656,-0.06890205944379586,-0.11172056374724765,0.03471091378662977,-0.08095474091177719,0.03524293737741159
2024-01-19,-0.018652011341445656,0.01980233990144411,-0.03674473739673666,-0.021019099012768366,-0.14820957676732302,-0.1302988653947665,-0.13805764528600245,0.16152563089021535,0.014253241246343936,-0.04800017231625269,-0.12646634436424267,0.03079862093733628,-0.08758992573115308,0.018581789413969353
2024-01-26,-0.023056604365823317,0.031966828365824325,-0.023046440438286762,-0.01881262386769867,-0.1526535400208369,-0.1355299148905999,-0.14444239671131537,0.14894669930297155,0.01504831146124928,-0.029640485674438145,-0.13254982691561906,0.022613469338132266,-0.10539299199050295,0.016299866656701384
2024-02-02,-0.02670517190476432,0.03714652400962575,-0.004585412790001957,-0.012174616948159262,-0.1607675519659873,-0.1402908836961619,-0.14943463973264987,0.14212469112686932,0.017974328138343664,-0.011822883838660295,-0.14108855221648894,0.011170840289677662,-0.12631304641937338,0.018400856923236546
2024-02-19,-0.035042256579114535,0.04178661674188974,0.010707227074676758,0.0032096733449720645,-0.16231300486488467,-0.14709655735862845,-0.1552483434355405,0.13007105476595118,0.014465427991184747,-1.4507963155244357e-05,-0.14160680667483244,0.004030894958667091,-0.13738659051169475,0.017021037734807894
2024-02-26,-0.028597932912338767,0.017583336753274944,-0.01008218410190127,-0.010214185186884136,-0.16279915792116675,-0.14837041164528722,-0.1552478214923165,0.13192629218286708,0.006181338919029947,-0.024929150856720858,-0.13461983297857694,0.006009675413631242,-0.13485827623220345,0.02858040340380089
2024-03-04,-0.03614319554594412,0.0210233109307185,-0.025936869489000456,-0.0325131145142273,-0.1459885724182046,-0.13684292863353625,-0.14028534481290814,0.12949741977133514,-0.00553238354635048,-0.036879412686036415,-0.11694008062057462,0.013342363931881287,-0.12212637948484678,0.03694862361443606
2024-03-11,-0.032200828996715065,0.02566433299296264,-0.019000490648535543,-0.02833303336208125,-0.1487423761276881,-0.1315502170454655,-0.13645408093628364,0.13643106669063945,0.002826382302714478,-0.030701459373036703,-0.11642264901036405,0.02009164465570024,-0.12514794759024922,0.04643349026756429
2024-03-18,-0.027429509028287384,0.020587052787137856,-0.02245044220014267,-0.04383972466855477,-0.13811557758261694,-0.12766155675822716,-0.13177637278818133,0.1429434465974951,0.003328294301722517,-0.0354918357171859,-0.10745596400381754,0.025159095314608942,-0.11398907107180231,0.059772057180219655
2024-03-25,-0.025549993310153486,0.017822815596876308,-0.019697643812176962,-0.05324814939950776,-0.13317948384189796,-0.12663015623546658,-0.12907342420119794,0.1528913909511722,-0.0012923695992825052,-0.036838961790836504,-0.09866880781096231,0.02933253134637961,-0.10635090897501782,0.06942336312907206
2024-04-01,-0.020492342004721754,0.0051630524611521655,-0.03273492835522589,-0.038887997671919354,-0.13768124606833734,-0.1339564875170497,-0.13446023335479484,0.13493170490031517,-0.00939831765610227,-0.0460929663622317,-0.09980027517022524,0.01608609302839769,-0.11904880853701053,0.07126554691251623
2024-04-10,-0.02367264936650589,0.012205007637273684,-0.028624737994662638,-0.032929623270961085,-0.1411006551331639,-0.13936556402290629,-0.13979341199140366,0.12222881388838322,-0.011342953848400719,-0.03961355077503613,-0.10074027339537658,0.006371955465674886,-0.12939500688296343,0.07261579632728798
2024-04-17,-0.023760238318778906,0.02510039618963701,-0.013833431651046075,-0.0158553137105569,-0.1530161037719919,-0.14539488752402618,-0.14897602723994463,0.11707691218146127,-0.0003157154033313924,-0.020233771356069886,-0.11314422397514223,-0.0018390999275557452,-0.15069834594088016,0.07075553280957769
2024-04-24,-0.02764176823443544,0.02928464786638275,-0.015951910119491014,-0.01637130727506925,-0.1537974386157765,-0.14407273997850115,-0.1469776269217348,0.11103977545691954,-0.003496164302707786,-0.015967282675467792,-0.11599732011742696,-0.0013238150707228097,-0.14472615392049226,0.07335204944487213
2024-05-06,-0.030149587529370008,0.030384703768679897,-0.030380354027724727,-0.027177301376042212,-0.14420957891073016,-0.13814445857214183,-0.14041139152110185,0.11269162058482562,-0.007228932232197619,-0.024803110489182784,-0.10695134873330409,0.0005340170513624708,-0.12654430988348797,0.08038928531984875
2024-05-13,-0.029238071223701475,0.02548086064400469,-0.03026494123359243,-0.03313892079211089,-0.14267765277805775,-0.139072870357746,-0.14153462868105923,0.11263360024517097,-0.005479836555069753,-0.02989807271493975,-0.10361168091979908,-0.0004209673114403941,-0.12419608672989288,0.08235180981341468
2024-05-20,-0.029485802043642602,0.019382467423579526,-0.024309888694110545,-0.03287896361408976,-0.1465066897882419,-0.13783439809309989,-0.13899221954825625,0.1028045785935435,-0.010599705966549673,-0.0358808024059368,-0.10647870861191912,-0.00441138279641849,-0.12974055992824363,0.08069383249236822
2024-05-27,-0.027780937533271946,0.01374879739850148,-0.032717907097321766,-0.037427301019912526,-0.14038220920223726,-0.13262520117622448,-0.13327259782986475,0.10286313271325605,-0.012201133959600109,-0.04415697094461648,-0.09895863317867429,-0.004599578136435651,-0.1300741736932439,0.0891914261168392
2024-06-03,-0.0239664919409697,0.014535960186558835,-0.03098814448862697,-0.02136669265685905,-0.1455658843525607,-0.13313741124169726,-0.13584705954089077,0.10211715651272009,-0.008727419602646853,-0.0398977591415909,-0.10306348185250515,-0.006408808566921553,-0.14095718236414448,0.09342054755130784
2024-06-11,-0.022413315426079102,0.01786660171233387,-0.020071656739042387,-0.012421336708530864,-0.15663053289458936,-0.13529937067646386,-0.1415443056135479,0.10064942202105481,0.004061336115788272,-0.030088334309639187,-0.11100700729927897,-0.008481271941618292,-0.14759628921999576,0.09186921932203762
2024-06-18,-0.021397887834354232,0.017277281060450067,-0.015774835357876715,-0.02294610060140193,-0.16162251367909614,-0.13135329725144107,-0.13990458066637973,0.09975964920326623,0.012308503974448196,-0.023622027360884652,-0.11426279725133898,-0.006308131146099663,-0.1437746401810768,0.08968775443188554
2024-06-25,-0.02120014083280228,0.024202768233115183,-0.002226363851082105,-0.01839737877416297,-0.16621122263649965,-0.13072059401818223,-0.1425445891534099,0.09865118452978276,0.021763857200364948,-0.009330927942057206,-0.1242556366297721,-0.0012878416824172066,-0.15559359908765377,0.0836138954286977
2024-07-02,-0.023434889393046637,0.019882674243932547,-0.0032316476325081806,-0.007971574684318538,-0.16779057028848043,-0.13231906248639747,-0.14350652132529218,0.09332789404557798,0.015715475036982937,-0.012872944351492999,-0.13066609323075945,-0.002334832410353646,-0.1625780936540852,0.08436772721677187
2024-07-09,-0.023284027073140093,0.030524356089309375,-0.0010189735305853797,0.0031532086458803364,-0.1723402467587508,-0.1343658492713555,-0.14363242280607472,0.08891390218844708,0.008768913283437943,-0.0005820942943952727,-0.13657392782317324,-0.0037120892097710274,-0.16941294971516926,0.08371703931050982
2024-07-16,-0.021015553722702786,0.03231587432761917,0.014258211652579863,0.012429564628215924,-0.17498316982224113,-0.1256962477260479,-0.1348225358709436,0.08248801447163585,0.011255512066610603,0.008916568898265607,-0.13907480406684639,0.0009582443433138433,-0.1630138264732604,0.07877187192971692
2024-07-23,-0.026937405365530367,0.03510678640459069,0.013346971910261924,0.017597361920886102,-0.1720206777360803,-0.1247016835792598,-0.1333625511885735,0.08337502252702592,0.010744447232641775,0.008510056852629875,-0.13000987217395,0.002010180668099008,-0.16266949753328336,0.07960748490718732
2024-07-30,-0.028027576544054574,0.03230384594639604,0.012173590022862764,0.015633706684366297,-0.1766080069909701,-0.12817913807743833,-0.1344027096874998,0.08454421349997035,-0.0032410546957541433,0.005395708503104321,-0.1315585792594621,0.001041592688795281,-0.16463208762746973,0.08225818977185628
2024-08-06,-0.03314994677014692,0.03617717083964847,0.017800803250833976,0.006311517054252641,-0.177124722762675,-0.12378795076888623,-0.1290979084889281,0.0873686346379199,-0.0036060282757318387,0.010740506040429256,-0.13393912156767765,0.005796417204736174,-0.1560508628839498,0.07904840945418397
2024-08-13,-0.02494332898603863,0.027980438726314977,0.00832377137636879,0.003089055190588833,-0.1799108355328819,-0.1292626645648161,-0.13300210348595976,0.0958697744801183,-0.006285449417804635,0.00018962643434726646,-0.13117495623522024,0.007197207804578579,-0.16265597232667153,0.09011481543829031
2024-08-20,-0.020472029883552737,0.011250439865151006,-0.004981675246829567,0.010346198479053706,-0.17298355185865405,-0.12474297535109835,-0.12237690040133391,0.09173729490902395,-0.02229242489623715,-0.014979140961604685,-0.12109810431634892,0.012199712623674858,-0.16617581924355748,0.10436373196387962
2024-08-27,-0.027592834154398338,0.023949506114612523,-0.0009366118201490989,0.01643572793294313,-0.17313938237868318,-0.12511821334547918,-0.12288660348882312,0.08933277494363073,-0.021478724308549038,-0.004293411976536728,-0.12202548084597535,0.007202534606106305,-0.16176322002167864,0.10384497406243472
2024-09-03,-0.025185771970945754,0.027815701392310255,-0.007987234360796952,0.010028995377746977,-0.17179667197276308,-0.12363360067539814,-0.11915897005923522,0.09304507392603079,-0.026511431194278644,-0.006911953431267347,-0.1226088496525424,0.010938879326399701,-0.14917632884256984,0.10520053781771488
2024-09-10,-0.029693949273388805,0.030866434626792283,-0.009555223250195023,0.00246553144489095,-0.1727835831510211,-0.12437906651420741,-0.12036204522049258,0.09613193826324422,-0.023690584476680602,-0.007543626062062752,-0.12199326677348966,0.007851335348552615,-0.14835926298944133,0.10432415260554063
2024-09-19,-0.040477390584815726,0.03497358753783665,0.0002870426744912115,0.01556429411842596,-0.1717082351103283,-0.12587359238151005,-0.12057327581384862,0.09385939988201845,-0.02733547135876657,0.0017112736957322055,-0.12378738855717139,0.006412508415162877,-0.14380681991043867,0.09362971995945318
2024-09-26,-0.03755609311859581,0.03636245644089216,0.0033993978315837218,0.019995413286786327,-0.17196066624114145,-0.1263694852561658,-0.12164903979120785,0.08740801580187758,-0.027500921303419166,0.002071796020960057,-0.1254295608456657,-0.001535748639652076,-0.15081361728178433,0.08794778814026796
2024-10-10,-0.04466690263629602,0.03670492375097332,-0.00420284598273584,0.006431163276414362,-0.17282648681636475,-0.12407597950103823,-0.11976471098305144,0.09688061779460308,-0.027570881718210864,-0.003699919969500418,-0.12876064733957235,0.007757527095112609,-0.13604468679525933,0.09061270634086761
2024-10-17,-0.025396147599742444,0.007880794043903327,-0.023530126382826314,-0.01998548560718393,-0.1731600559408881,-0.11431025197215616,-0.10843261449541207,0.09239150113805017,-0.03189095022975146,-0.025217308842822393,-0.13566299059662795,0.011443586785805988,-0.13516548994685815,0.09553269641797152
2024-10-24,-0.025455662066663855,0.014224555940801164,-0.01286002429889253,-0.0024652457439574443,-0.1842611265197687,-0.11256815275579046,-0.10569813395894247,0.0959158272824506,-0.028954891769718022,-0.00887429594143286,-0.14394914621100835,0.019794714167817928,-0.13724219087125467,0.10773603247150107
2024-10-31,-0.024896350260082592,0.0020746766970286662,-0.023396796044319927,0.005514469895395764,-0.18360223541536813,-0.11591258340467998,-0.11006903988231209,0.09197645757411918,-0.02662113901710567,-0.008964843626399132,-0.14140759549479542,0.012138884338070312,-0.14223848113319512,0.11118644721712816
2024-11-07,-0.029139375253257993,0.014298575314547899,-0.030103334486839554,-0.010281480248951131,-0.1850285948318599,-0.10879826984369204,-0.10323975618388379,0.09877093181312893,-0.02294228285411653,-0.006394642129112724,-0.13843016458356253,0.006888191040555106,-0.1359941565410961,0.10969024487539569
2024-11-14,-0.030475098668275653,0.00716142786930692,-0.03339931790725002,-0.0010305704371407355,-0.1857768876993692,-0.1036628762899794,-0.09509792637735523,0.09954075801237987,-0.03265015264970518,-0.014037604011942392,-0.1444661192988525,0.01419630997820836,-0.11905330306371392,0.1194516477365204
2024-11-21,-0.013637266279670684,-0.01090108412033699,-0.04629777194402699,-0.013300222306273469,-0.17674532713466742,-0.11057915681678142,-0.10248557720731212,0.08565183633160323,-0.031413970156479176,-0.028566654657438826,-0.148158637167055,0.002477582722958887,-0.12348507290495081,0.10629984025044506
2024-11-28,-0.012829735894375449,-0.008550641413985169,-0.038194072782240074,-0.009003559829323876,-0.1746220519067456,-0.12079699126925758,-0.11402402389035354,0.08787507046194973,-0.02650799852657869,-0.020916946689939275,-0.14879466381326162,-0.002335641296193679,-0.13451018732774406,0.1010384148980517
2024-12-05,-0.010522642860516076,-0.00944200103877316,-0.03510207961368519,-0.0035649751538914982,-0.17399956017737203,-0.1223966903768284,-0.11364457954928209,0.09107285423149088,-0.032516643918276036,-0.024807380084367038,-0.14775091289779327,0.0022802914165172884,-0.13333839729391067,0.09956099138729649
2024-12-12,-0.011112907139460136,-0.014730246892502406,-0.03141702586840982,-0.004910384835669169,-0.1764638603531743,-0.11779504429113036,-0.10531167511552644,0.09235823479767585,-0.03873945870842711,-0.022187950487705537,-0.14982011400623696,0.008102385695256982,-0.12738456915940222,0.09966614264942271
2024-12-19,-0.0062724064568934765,-0.022805499741436776,-0.034250847940773176,-0.037829317871776263,-0.1722010265102881,-0.1161078578749279,-0.10516278393745279,0.07950218367663621,-0.03455963336517625,-0.027650818335039098,-0.1482826351322805,0.0013723101725194044,-0.12009999849339152,0.0939026804914085
2024-12-26,-0.003019627050568856,-0.02518147259252697,-0.03937542164212698,-0.04451285275964221,-0.16654337027880833,-0.11403479375960347,-0.10119227123738224,0.07863487785037881,-0.037709243948065616,-0.03275021278275427,-0.14488891627733255,0.005169538817781822,-0.11186784158225202,0.0951195594207757
2025-01-03,-0.010052087193701912,-0.025865526153180284,-0.04184281218797801,-0.060161658666909514,-0.16340501531355545,-0.11086111480459143,-0.10156622123224807,0.07636600923171127,-0.027929820162299585,-0.032875410355243044,-0.13650068241535354,0.0029840781747004423,-0.11170223208670102,0.09788733202182642
2025-01-10,-0.008216624028081097,-0.02181630164441825,-0.041753083628238236,-0.07026642607775284,-0.15812400940283255,-0.11204200408620121,-0.1044332331798104,0.07533606945976108,-0.026555540605036593,-0.031581366870089264,-0.13050862300784108,0.0038983234290182376,-0.11553862633380445,0.0999297682471147
2025-01-17,-0.005662235738549451,-0.03771464950259955,-0.0471583536690319,-0.06006781413486145,-0.15551190625269068,-0.10201697380254422,-0.09111652634647398,0.07151171846646222,-0.03873006426710604,-0.038455066944062775,-0.13028057643344362,0.010649197849291777,-0.11151840673697797,0.0996065098559044
2025-01-24,-0.0034731616092308192,-0.036804747483881226,-0.06085306447089018,-0.06385121499873406,-0.14513940512360002,-0.09172717595370664,-0.07735582873910839,0.0754623582004456,-0.048588693251875335,-0.050656003146086453,-0.12057821886899993,0.02615290341855582,-0.09152862831200245,0.10782859642288306
2025-02-10,0.011891675377651331,-0.05046728784452422,-0.08046341849323455,-0.0664701835741467,-0.12955411148063353,-0.07555058682368886,-0.057084830138783994,0.07326237818488958,-0.05760858358571161,-0.07253239526790137,-0.09897036694634198,0.0351683073449462,-0.07089884239061733,0.12007703254692857
2025-02-17,0.016081922250598565,-0.07168351910676432,-0.10839038656773285,-0.08018898014276386,-0.11625240334449058,-0.05847296541930954,-0.03744270867715392,0.08048527750084383,-0.056319858974472455,-0.09377207633260412,-0.07966312694282153,0.03960083639887587,-0.03759757141350016,0.12404836692806849
2025-02-24,0.024287256063789817,-0.08710120794503887,-0.12524901372484248,-0.09238857560909979,-0.09328375589547923,-0.03626342607456327,-0.010842213098727195,0.09578666638630398,-0.06471364093720272,-0.11124887246874005,-0.053286567321466756,0.06721366952325296,0.009182655247874105,0.1291524797036189
2025-03-03,0.04288335901991573,-0.09989306791213898,-0.1373396361322878,-0.11136551483345829,-0.048347168387542994,-0.0027505855442265963,0.021283584098476173,0.09370537142106139,-0.0598074833059527,-0.12341420396838643,-0.010943385590838666,0.07673045152978339,0.06097852602213945,0.11055766223379146
2025-03-10,0.03989271641774251,-0.09636686766403096,-0.12729972693936625,-0.10183041811354468,-0.07374789322334126,-0.014584470070816312,0.009471014303811125,0.09887189962681772,-0.06210001205495991,-0.11610943329872138,-0.04312502216695063,0.08202022540432342,0.027936972256258272,0.10664332845931569
2025-03-17,0.04788009973177193,-0.09801548612369695,-0.1062739973938364,-0.07759955305869103,-0.10363863313074624,-0.04520195089257129,-0.022878796449870238,0.1036766440122287,-0.04655494502420434,-0.09230383524382281,-0.07758480260513152,0.06332755278739373,0.008371486740010368,0.10669221680602449
2025-03-24,0.042015810763895524,-0.09280456671651427,-0.09195711321808958,-0.06932801027686691,-0.11424853244070315,-0.06862188046708911,-0.049700406162376635,0.08751324465206806,-0.0453177570675264,-0.09016148689187091,-0.09587208285645613,0.04327716574101662,-0.023174475097587344,0.0860074676479395
2025-03-31,0.028097518748809246,-0.06828236509442949,-0.08473837961156287,-0.07591259692251591,-0.12539439618325937,-0.08629639276948767,-0.07243881774343094,0.09086748300648433,-0.027611977240073866,-0.07064274745595513,-0.10577024927885922,0.03604310735254582,-0.050290806898889255,0.0776131616936969
2025-04-08,0.022511638630093936,-0.05201893660218051,-0.0783837373520902,-0.06009467104097984,-0.13661112608114884,-0.09892699236139438,-0.08811923619437557,0.08880481919937061,-0.019976336012316808,-0.06125652226398709,-0.11820189456258176,0.03194594909003082,-0.0737544441282052,0.06939369648124433
2025-04-15,0.022798835341319226,-0.04903614938588426,-0.07510744471407754,-0.06872544174242827,-0.1344273001219106,-0.10048760765955832,-0.09059047030433526,0.09625141880518998,-0.013808176473828858,-0.05560674586911407,-0.11841703467506257,0.03690989216696549,-0.07114502209007015,0.06668846065025538
2025-04-22,0.03698372356670871,-0.06175169826010329,-0.08341559543155944,-0.08086564750097264,-0.12076233184929094,-0.0880594076202173,-0.07558166156915416,0.09220153354369034,-0.01891401980699864,-0.06760496905028085,-0.10777111036352849,0.04512504587297979,-0.05415686588344759,0.06680638968106783
2025-04-29,0.04648975576771281,-0.07452375490637227,-0.10071585986287439,-0.09813147376819353,-0.09937216642203929,-0.0744230937230178,-0.05977242097359447,0.09495171342345032,-0.02711681044837891,-0.09230363539480725,-0.08594252171361892,0.05354348784408025,-0.029178708703397446,0.06353459704846243
2025-05-09,0.05787916153693957,-0.08994721269137487,-0.12328391356654411,-0.11974453875691755,-0.07797783459677178,-0.057168324312067975,-0.03935636479826814,0.095457320129011,-0.035176226357471335,-0.11531681260443576,-0.06165048364220842,0.060306420239308295,0.004242502404515714,0.06249288436416548
2025-05-16,0.053743745435263494,-0.0893324889021164,-0.12629675491376635,-0.1174615713954662,-0.08627762460246675,-0.06177416051058388,-0.046045625430803906,0.08723423667646528,-0.029363128667502972,-0.1091133813745714,-0.07041725457652373,0.050666830954762855,-0.011722989952447586,0.06055020660725911
2025-05-23,0.051409488042382226,-0.08537100756860308,-0.11234370045106695,-0.08889691384879353,-0.10010342718401126,-0.07505745848362873,-0.06045075823804184,0.08290854263986817,-0.028058939819969216,-0.09740102373788667,-0.0832301263857957,0.04150116401681897,-0.03945266976049386,0.053814779822639866
2025-05-30,0.05221053682399544,-0.07107294895469947,-0.12000574054906764,-0.08385778337673135,-0.10060503071624101,-0.07874266042017804,-0.06460923244654886,0.09340425003927175,-0.026184294935866697,-0.08745915114863875,-0.08480831461444202,0.046541432803202165,-0.034002585783187204,0.056496037387929555
2025-06-09,0.051271448232125635,-0.0683772809093792,-0.1187697736019918,-0.0789850091068251,-0.10073353643893855,-0.08186866118402425,-0.06809354879719591,0.09854784940319808,-0.02362439427547957,-0.08505461047849544,-0.08522762399764193,0.05373439730078249,-0.0314514426280076,0.0542604236459145
2025-06-16,0.0541677087074931,-0.06926249399271005,-0.11732796587673719,-0.08780159689988296,-0.09658894575663984,-0.07998017850433899,-0.06438059206251408,0.1030900389857123,-0.028560704740704778,-0.09139584767338062,-0.08269272324137163,0.05849709117937146,-0.01653766961504929,0.049716442764093774
2025-06-23,0.049642987911221376,-0.06631464371157417,-0.11292218355863669,-0.08970072123459134,-0.1023412192572562,-0.08543661972342863,-0.071760511661352,0.10021880233480004,-0.024116656435051453,-0.08408286679099729,-0.09081046915148758,0.052470817231390014,-0.024074603179513297,0.0461068978186999
2025-06-30,0.05201924729204191,-0.0715577057199552,-0.11964278302542783,-0.10405143814916457,-0.09783120394766864,-0.08084200364703417,-0.06605784645381692,0.09231888077316551,-0.029462948074204763,-0.09203961775500408,-0.0906125838587273,0.04951047139912299,-0.005960664605593122,0.04809260529907304
2025-07-07,0.04728808580415846,-0.07466070602939714,-0.11528060809875201,-0.09841485539892104,-0.09457296274274593,-0.08641258766242564,-0.07031888244154677,0.08731785934130078,-0.03635176049054769,-0.09317832148010052,-0.09140573550823317,0.03909182167644563,-0.015812382452495687,0.049893430872929384
2025-07-14,0.05140016127864515,-0.07870784717026014,-0.11481806072391644,-0.10974537052838196,-0.09233772303328806,-0.08402916568929811,-0.06752869871865978,0.09135712667287611,-0.03877791581120993,-0.09523733741010278,-0.08855626602243354,0.03699704527696648,-0.007288783309266875,0.043218498354694684
2025-07-21,0.05603360765966674,-0.08973085322616405,-0.11842766517936547,-0.11514076255262765,-0.0841198538610324,-0.07878626841599624,-0.06203684968801344,0.08998451702492437,-0.038142041175336934,-0.10283399450791716,-0.08301767043895934,0.03972403620873709,0.003915385682202904,0.03810649437905617
2025-07-28,0.054334494831219014,-0.08911114412009814,-0.12137639385036865,-0.11813296663125428,-0.0848237664601534,-0.07948156404198303,-0.06399767431847617,0.09047985601195656,-0.03413649608054811,-0.10489549063939137,-0.07859673035115873,0.036334189313087656,0.002113500445890382,0.04218573290441436
2025-08-04,0.059706476865438,-0.09265337598662764,-0.12127947758115448,-0.11366980639990057,-0.08321650960875353,-0.07738351969436,-0.060015550644714845,0.08487711778637927,-0.03795742525219769,-0.10642216400485463,-0.08085006532647536,0.038715611831971634,0.0023678927384335005,0.04088500627873871
2025-08-11,0.06599548531196953,-0.1010416269806673,-0.12284684722480944,-0.11645114583978847,-0.07840511876675964,-0.07268092131959243,-0.055740158090119576,0.0791765480782002,-0.033090731706693265,-0.10867172165314343,-0.0811219581328879,0.03855413946766232,0.004418673264694858,0.04180492416301177
2025-08-18,0.07393252240982039,-0.11337478107425336,-0.12776925270306277,-0.11252577049406491,-0.07057605011253171,-0.06567222350969584,-0.047254775463011954,0.07139167812320225,-0.032731020385394244,-0.11602664187529985,-0.07393750964592784,0.041961052787870545,0.012951320147244278,0.03989540126862012
2025-08-25,0.07329302006603626,-0.12266143033979694,-0.1416533955760823,-0.11191708580391033,-0.0678529550317073,-0.04903469853306075,-0.029697054221384175,0.05716960173393148,-0.03360290863130704,-0.1300236195019716,-0.07237320299557233,0.04705649927142985,0.0302440872544323,0.03342044103937741
2025-09-01,0.08426466848573935,-0.12576461797768393,-0.14133830804343342,-0.12075828960234868,-0.061764447058309004,-0.03295574110904803,-0.014018520851495493,0.05672867401854344,-0.025697913283265084,-0.13176247697082602,-0.07479912214913409,0.0564265469946541,0.054035009487847716,0.01968566396767168
2025-09-08,0.08745292970075348,-0.13029153466699744,-0.13705334677798872,-0.1259252815781324,-0.053970558601118324,-0.03717798410604416,-0.01871972330251591,0.06347561764811178,-0.02343452883574543,-0.13194301523989252,-0.07109450564690514,0.055536507624793834,0.04739247708235936,0.01653198918864162
2025-09-15,0.08674293261525394,-0.13501385320204112,-0.14018568028085518,-0.12563920260464104,-0.055138607606549046,-0.03529775241679505,-0.017718715410285683,0.061100055762471885,-0.0209844244865688,-0.13614198474017908,-0.07061830244160336,0.056848710489969874,0.04379854172098326,0.01477123622180257
2025-09-22,0.09350885737334383,-0.14442925151934632,-0.13859973894505304,-0.11235877512232224,-0.055327982352383245,-0.028423000860573682,-0.009169278948163917,0.04868296147982363,-0.025573318466749508,-0.1417517482037887,-0.07294558827721477,0.05605760995305569,0.04873804015987847,0.024433848338303074
2025-09-29,0.09446701952332891,-0.14635636163914928,-0.1388544247056534,-0.11804258892616001,-0.04854712840382866,-0.023104959317320806,-0.0028834774295304283,0.04112082878870183,-0.02751983936396479,-0.1465682832627865,-0.06499113888567982,0.054978371672733596,0.05484039174946964,0.0377251863316922
2025-10-14,0.08939006789588917,-0.14241538792740996,-0.13677780535832865,-0.11914965575382717,-0.04664108910645934,-0.02300966950096254,-0.000316047543536263,0.03818142785276595,-0.03744329591831977,-0.14664413851687705,-0.06454785177113842,0.058426078993136024,0.05840022076781266,0.03865726309353688
2025-10-21,0.08231276612804811,-0.1252679463130257,-0.12711873434485244,-0.11379444703070642,-0.06604252472095695,-0.04318543046611694,-0.021443133377325042,0.04673704499621227,-0.037949857760440325,-0.13372863649932476,-0.08299525405433637,0.05306349421067135,0.027127370880393995,0.03923335921758946
2025-10-28,0.07818915890763342,-0.12254710879364158,-0.1267847133587997,-0.10776036669798744,-0.06909194936916037,-0.05296498157851254,-0.030073387606796603,0.04465776206206437,-0.044930015469110664,-0.13157844559684004,-0.07884685511812313,0.044673772819952814,0.01923753392772219,0.04866394869365538
2025-11-04,0.07591391963765327,-0.12555179858172552,-0.12490677006756008,-0.1027204818982985,-0.060552296007736636,-0.05379520139254564,-0.029680773505210013,0.04539743590529674,-0.04764301204632146,-0.13320529700470976,-0.07027236828199958,0.04530840035303028,0.03428933487364926,0.050762910444263294
2025-11-11,0.07087838134002314,-0.1137676981052796,-0.1155143511986733,-0.10577561786926078,-0.08108209916825117,-0.07023164428390458,-0.04753312453526534,0.04870804876912898,-0.04700753204046748,-0.1263085732452786,-0.08606199071959728,0.03774141453217404,0.0023201872948600843,0.04706933689783566
2025-11-18,0.06585087534383388,-0.10318297925134316,-0.10430233699068932,-0.10747289489532648,-0.0839593209146543,-0.07841377187690615,-0.059105110278885,0.056367171932698995,-0.03791433321499262,-0.1164724237820787,-0.08779627826980212,0.041927852237375426,-0.008394680650038257,0.0488399703613756
2025-11-25,0.05839925857123001,-0.09250237652686344,-0.10598149746258446,-0.10850298318524798,-0.09104032322769155,-0.0823335359422891,-0.06606074992173314,0.05320355463630849,-0.03540222834616596,-0.10781646146848711,-0.08876113107955237,0.03420476675920693,-0.023426656332416838,0.05236447654022276
2025-12-02,0.057836019432381904,-0.09098688894380397,-0.10814782928220935,-0.11074031832467843,-0.0900810361739747,-0.08112951353806269,-0.06354096852475984,0.0523564730517506,-0.038459185429109706,-0.11189372492848373,-0.08373623406253772,0.03568024598690118,-0.019102233400727593,0.05630932892061879
2025-12-09,0.061961115338524504,-0.09204492425306497,-0.11288425428101379,-0.10414708899729641,-0.08843072437212016,-0.08021568651375861,-0.06059470156146037,0.04919231421104382,-0.04413727686438785,-0.11541466369091638,-0.08274409578809132,0.038849483806745015,-0.006762893994017245,0.06262077632755977
2025-12-16,0.0639777761731334,-0.0980049620203439,-0.11981716122132562,-0.10503703998357149,-0.08510230818230252,-0.0747404187120085,-0.055336096283023245,0.044184244427212596,-0.042697544326750395,-0.11735515104190804,-0.07963302128016461,0.041162823951348126,0.006310986130439672,0.06664046626646786
2025-12-23,0.0592419752035434,-0.09261879379580958,-0.11737995742099379,-0.10300396354854137,-0.09028364195543771,-0.08156527154855117,-0.065557212701376,0.049278840192906626,-0.03431232611759719,-0.10924194276772538,-0.0847861862719569,0.04064429677700022,0.0018746207984197555,0.07021097090014072
