Feature,Importance
TURN_1M,6.533390957823333
ABTURN_1M,5.634129874253024
MOM_12_1,4.029174018185586
SIZE,3.656816836912185
BETA_60D,3.5466583530263356
ASSET_GROWTH,3.0542076516430825
ROE_TTM,2.805376371834427
IVOL,2.363979373476468
BP,2.256777214196821
AMIHUD,1.7387999331306976
SP,1.7146077435463667
REV_1M,1.6746939490549266
GPM_change,1.6479244586080313
VOL_20D,1.612832766608335
OCF_QUALITY,1.442208136819924
EP,0.5684618325904012
