Feature,Importance
TURN_1M,23.663399896286126
SIZE,9.575038513376809
ABTURN_1M,8.797239584880126
ASSET_GROWTH,8.015262830767721
ROE_TTM,7.156339587641674
OCF_QUALITY,6.6199405573353545
GPM_change,5.727182567783693
MOM_12_1,5.080436035926529
SP,4.24862555840048
IVOL,4.164252486718245
BP,3.51618957032573
VOL_20D,3.18618377912068
EP,3.0377820660713404
AMIHUD,2.970921281328209
BETA_60D,2.8424870199735537
REV_1M,1.3987186640637292
