Feature,Importance
VOL_20D,0.005477019688998432
IVOL,0.005111271153950286
OCF_QUALITY,0.003418272292972204
ASSET_GROWTH,0.002904884576171478
TURN_1M,0.0028609098893638586
ROE_TTM,0.0026677030224220855
ABTURN_1M,0.002610333539520607
EP,0.0025575376509107232
BP,0.002482875705666094
AMIHUD,0.0023778478611538832
SIZE,0.002158138562443412
GPM_change,0.0016516623300715221
REV_1M,0.0016432256330840035
BETA_60D,0.0012381881182618219
SP,0.00098165200137044
MOM_12_1,0.0008245654329723818
