Feature,Importance
TURN_1M,0.1420702867878876
ABTURN_1M,0.11766868685110411
ROE_TTM,0.11160143718473657
SIZE,0.07668367125963772
BETA_60D,0.06885127587196756
VOL_20D,0.05966947923104915
REV_1M,0.054178909918633555
IVOL,0.05120396456201432
MOM_12_1,0.04918470866463997
AMIHUD,0.0477354695954851
ASSET_GROWTH,0.046300713797236465
BP,0.04388023185357449
SP,0.035752172250715364
GPM_change,0.03550938863057712
OCF_QUALITY,0.03518713798246364
EP,0.024522465558277317
