Feature,Importance
ABTURN_1M,0.06846585
TURN_1M,0.06818247
BP,0.06703011
SIZE,0.06608136
MOM_12_1,0.0646591
AMIHUD,0.06399556
GPM_change,0.06380579
ASSET_GROWTH,0.062961884
ROE_TTM,0.061722323
OCF_QUALITY,0.06054695
IVOL,0.060114384
BETA_60D,0.059883285
VOL_20D,0.059046116
SP,0.058776006
EP,0.058042016
REV_1M,0.056686845
