Model,Ann_Return,Ann_Vol,Sharpe,Max_Drawdown,Monthly_WinRate,Months,Avg_Turnover,Benchmark_Ann_Return,Excess_Ann_Return,Tracking_Error,Info_Ratio
LightGBM,0.13215620087297308,0.21270531786310984,0.6213112215559391,-0.22942128415039742,0.5816326530612245,98.0,0.5602040816326533,0.031143093568666513,0.10140959748917111,0.11027616190782621,0.9195967263889164
CatBoost,0.15343343785044694,0.21983582317482311,0.6979455651703769,-0.28222545304634783,0.5408163265306123,98.0,0.5577551020408166,0.031143093568666513,0.12347702344140932,0.11115197354940913,1.1108846698661763
XGBoost,0.19942759176087566,0.2117432019454361,0.9418370456694328,-0.2552889397851231,0.5816326530612245,98.0,0.5440816326530616,0.031143093568666513,0.1662378574421537,0.11545147561143247,1.4398937437720558
RandomForest,0.20012635849469085,0.21600919505444255,0.9264714793472166,-0.22939569463427867,0.5918367346938775,98.0,0.39571428571428585,0.031143093568666513,0.16678124341726486,0.1231766571655951,1.3540004027958725
Ridge,0.19886088578277383,0.2000422399588253,0.9940944763651185,-0.21638004376254205,0.6122448979591837,98.0,0.3108163265306124,0.031143093568666513,0.16487353870315968,0.09950971473685799,1.6568587211725891
