Model,Ann_Return,Ann_Vol,Sharpe,Max_Drawdown,Monthly_WinRate,Months,Avg_Turnover,Benchmark_Ann_Return,Excess_Ann_Return,Tracking_Error,Info_Ratio
LightGBM,0.10935763937380005,0.20326387175767832,0.5380082472509975,-0.2933672608725437,0.5510204081632653,98.0,0.635593570362409,0.038401324323887875,0.0698324595176747,0.0717804420398702,0.9728619319296821
CatBoost,0.10631170968844916,0.20958125075790415,0.507257730851383,-0.26121333918090783,0.5510204081632653,98.0,0.6030117718688641,0.038401324323887875,0.06798550875068354,0.07300752008548335,0.9312124103254074
XGBoost,0.13091443886595,0.19593341209617463,0.6681578066005923,-0.28319089824822385,0.5816326530612245,98.0,0.6421667368709744,0.038401324323887875,0.08950723962242435,0.07013709315606456,1.2761754956576057
RandomForest,0.13002687150607728,0.20838252905590035,0.6239816365372766,-0.2991297814412597,0.5816326530612245,98.0,0.48584435055716607,0.038401324323887875,0.09091192802085657,0.07301582557637441,1.245098953592778
Ridge,0.12315912520396277,0.19749698447259767,0.6236000287946213,-0.22371706318924878,0.5918367346938775,98.0,0.409303263189513,0.038401324323887875,0.08290517488055027,0.05838553731451704,1.4199608103963899
